service,rule_id,for_each,var,op,value
api,azure.apimanagement.service.public_network_access_disabled,azure.apimanagement.apimanagementservice.list,item.public_network_access,equals,Disabled
api,azure.apimanagement.service.private_networking_enforced,azure.apimanagement.apimanagementservice.list,item.virtual_network_type,equals,Internal
api,azure.apimanagement.service.vnet_integrated,azure.apimanagement.apimanagementservice.list,item.virtual_network_type,not_equals,None
api,azure.apimanagement.service.private_endpoints_configured,azure.apimanagement.apimanagementservice.list,item.private_endpoint_connections,not_empty,
api,azure.apimanagement.service.vnet_configuration_present,azure.apimanagement.apimanagementservice.list,item.virtual_network_configuration,not_empty,
api,azure.apimanagement.service.client_certificate_required,azure.apimanagement.apimanagementservice.list,item.enable_client_certificate,equals,true
api,azure.apimanagement.service.managed_identity_enabled,azure.apimanagement.apimanagementservice.list,item.identity,not_empty,
api,azure.apimanagement.service.tls10_disabled,azure.apimanagement.apimanagementservice.list,item.custom_properties,contains,Tls10=false
api,azure.apimanagement.service.tls11_disabled,azure.apimanagement.apimanagementservice.list,item.custom_properties,contains,Tls11=false
api,azure.apimanagement.service.backend_ssl30_disabled,azure.apimanagement.apimanagementservice.list,item.custom_properties,contains,Ssl30=false
api,azure.apimanagement.service.triple_des_disabled,azure.apimanagement.apimanagementservice.list,item.custom_properties,contains,TripleDes168=false
api,azure.apimanagement.service.certificates_configured,azure.apimanagement.apimanagementservice.list,item.certificates,not_empty,
api,azure.apimanagement.service.hostname_configurations_present,azure.apimanagement.apimanagementservice.list,item.hostname_configurations,not_empty,
api,azure.apimanagement.service.gateway_enabled,azure.apimanagement.apimanagementservice.list,item.disable_gateway,equals,false
api,azure.apimanagement.service.api_version_constraint_set,azure.apimanagement.apimanagementservice.list,item.api_version_constraint,not_empty,
api,azure.apimanagement.service.legacy_portal_disabled,azure.apimanagement.apimanagementservice.list,item.legacy_portal_status,equals,Disabled
api,azure.apimanagement.service.provisioning_succeeded,azure.apimanagement.apimanagementservice.list,item.provisioning_state,equals,Succeeded
api,azure.apimanagement.service.tags_configured,azure.apimanagement.apimanagementservice.list,item.tags,not_empty,
api,azure.apimanagement.service.availability_zones_configured,azure.apimanagement.apimanagementservice.list,item.zones,not_empty,
api,azure.apimanagement.service.nat_gateway_enabled,azure.apimanagement.apimanagementservice.list,item.nat_gateway_state,equals,Enabled
api,azure.apimanagement.service.notification_sender_configured,azure.apimanagement.apimanagementservice.list,item.notification_sender_email,not_empty,
authorization,azure.authorization.role_assignment.scope_not_root,azure.authorization.roleassignments.list,item.scope,not_equals,/
authorization,azure.authorization.role_assignment.can_delegate_disabled,azure.authorization.roleassignments.list,item.can_delegate,equals,false
authorization,azure.authorization.role_assignment.principal_id_present,azure.authorization.roleassignments.list,item.principal_id,not_empty,
authorization,azure.authorization.role_assignment.role_definition_id_present,azure.authorization.roleassignments.list,item.role_definition_id,not_empty,
authorization,azure.authorization.role_assignment.scope_not_subscription_wide,azure.authorization.roleassignments.list,item.scope,not_equals,/subscriptions/
authorization,azure.authorization.role_definition.no_wildcard_actions,azure.authorization.roledefinitions.list,item.permissions,not_contains,*
authorization,azure.authorization.role_definition.type_custom_reviewed,azure.authorization.roledefinitions.list,item.role_type,not_equals,CustomRole
authorization,azure.authorization.role_definition.description_present,azure.authorization.roledefinitions.list,item.description,not_empty,
authorization,azure.authorization.role_definition.assignable_scopes_not_root,azure.authorization.roledefinitions.list,item.assignable_scopes,not_contains,/
authorization,azure.authorization.role_definition.no_wildcard_data_actions,azure.authorization.roledefinitions.list,item.permissions,not_contains,*/write
authorization,azure.authorization.permissions.no_wildcard_actions,azure.authorization.permissions.list_for_resource_group,item.actions,not_contains,*
authorization,azure.authorization.permissions.not_actions_configured,azure.authorization.permissions.list_for_resource_group,item.not_actions,not_empty,
authorization,azure.authorization.permissions.data_actions_scoped,azure.authorization.permissions.list_for_resource_group,item.data_actions,not_empty,
authorization,azure.authorization.permissions.no_wildcard_data_actions,azure.authorization.permissions.list_for_resource_group,item.data_actions,not_contains,*
authorization,azure.authorization.provider.operations_documented,azure.authorization.providermetadata.list,item.operations,not_empty,
authorization,azure.authorization.provider.resource_types_defined,azure.authorization.providermetadata.list,item.resource_types,not_empty,
automation,azure.automation.account.managed_identity_enabled,azure.automation.automationaccount.list_by_resource_group,item.identity,not_empty,
automation,azure.automation.account.provisioning_succeeded,azure.automation.automationaccount.list_by_resource_group,item.provisioning_state,equals,Succeeded
automation,azure.automation.account.tags_configured,azure.automation.automationaccount.list_by_resource_group,item.tags,not_empty,
automation,azure.automation.account.sku_configured,azure.automation.automationaccount.list_by_resource_group,item.sku,not_empty,
batch,azure.batch.account.public_network_access_disabled,azure.batch.batchaccount.list_by_resource_group,item.public_network_access,equals,Disabled
batch,azure.batch.account.private_endpoints_configured,azure.batch.batchaccount.list_by_resource_group,item.private_endpoint_connections,not_empty,
batch,azure.batch.account.encryption_configured,azure.batch.batchaccount.list_by_resource_group,item.encryption,not_empty,
batch,azure.batch.account.managed_identity_enabled,azure.batch.batchaccount.list_by_resource_group,item.identity,not_empty,
batch,azure.batch.account.allowed_auth_modes_configured,azure.batch.batchaccount.list_by_resource_group,item.allowed_authentication_modes,not_empty,
batch,azure.batch.account.key_vault_reference_configured,azure.batch.batchaccount.list_by_resource_group,item.key_vault_reference,not_empty,
batch,azure.batch.account.network_profile_configured,azure.batch.batchaccount.list_by_resource_group,item.network_profile,not_empty,
batch,azure.batch.account.auto_storage_configured,azure.batch.batchaccount.list_by_resource_group,item.auto_storage,not_empty,
batch,azure.batch.account.provisioning_succeeded,azure.batch.batchaccount.list_by_resource_group,item.provisioning_state,equals,Succeeded
batch,azure.batch.account.tags_configured,azure.batch.batchaccount.list_by_resource_group,item.tags,not_empty,
compute,azure.compute.vm.security_profile_configured,azure.compute.virtualmachines.list_all,item.security_profile,not_empty,
compute,azure.compute.vm.managed_identity_enabled,azure.compute.virtualmachines.list_all,item.identity,not_empty,
compute,azure.compute.vm.network_profile_configured,azure.compute.virtualmachines.list_all,item.network_profile,not_empty,
compute,azure.compute.vm.os_profile_configured,azure.compute.virtualmachines.list_all,item.os_profile,not_empty,
compute,azure.compute.vm.storage_profile_configured,azure.compute.virtualmachines.list_all,item.storage_profile,not_empty,
compute,azure.compute.vm.diagnostics_profile_configured,azure.compute.virtualmachines.list_all,item.diagnostics_profile,not_empty,
compute,azure.compute.vm.availability_zones_configured,azure.compute.virtualmachines.list_all,item.zones,not_empty,
compute,azure.compute.vm.host_group_configured,azure.compute.virtualmachines.list_all,item.host_group,not_empty,
compute,azure.compute.vm.capacity_reservation_configured,azure.compute.virtualmachines.list_all,item.capacity_reservation,not_empty,
compute,azure.compute.vm.proximity_placement_configured,azure.compute.virtualmachines.list_all,item.proximity_placement_group,not_empty,
compute,azure.compute.vm.scheduled_events_configured,azure.compute.virtualmachines.list_all,item.scheduled_events_profile,not_empty,
compute,azure.compute.vm.provisioning_succeeded,azure.compute.virtualmachines.list_all,item.provisioning_state,equals,Succeeded
compute,azure.compute.vm.tags_configured,azure.compute.virtualmachines.list_all,item.tags,not_empty,
compute,azure.compute.vmss.security_profile_configured,azure.compute.virtualmachinescalesets.list_all,item.security_profile,not_empty,
compute,azure.compute.vmss.managed_identity_enabled,azure.compute.virtualmachinescalesets.list_all,item.identity,not_empty,
compute,azure.compute.vmss.network_profile_configured,azure.compute.virtualmachinescalesets.list_all,item.network_profile,not_empty,
compute,azure.compute.vmss.diagnostics_profile_configured,azure.compute.virtualmachinescalesets.list_all,item.diagnostics_profile,not_empty,
compute,azure.compute.vmss.availability_zones_configured,azure.compute.virtualmachinescalesets.list_all,item.zones,not_empty,
compute,azure.compute.vmss.provisioning_succeeded,azure.compute.virtualmachinescalesets.list_all,item.provisioning_state,equals,Succeeded
compute,azure.compute.vmss.tags_configured,azure.compute.virtualmachinescalesets.list_all,item.tags,not_empty,
compute,azure.compute.disk.tags_configured,azure.compute.disks.list_by_resource_group,item.tags,not_empty,
container,azure.containerinstance.group.encryption_configured,azure.containerinstance.containergroups.list_by_resource_group,item.encryption_properties,not_empty,
container,azure.containerinstance.group.managed_identity_enabled,azure.containerinstance.containergroups.list_by_resource_group,item.identity,not_empty,
container,azure.containerinstance.group.diagnostics_configured,azure.containerinstance.containergroups.list_by_resource_group,item.diagnostics,not_empty,
container,azure.containerinstance.group.subnet_configured,azure.containerinstance.containergroups.list_by_resource_group,item.subnet_ids,not_empty,
container,azure.containerinstance.group.dns_config_present,azure.containerinstance.containergroups.list_by_resource_group,item.dns_config,not_empty,
container,azure.containerinstance.group.containers_present,azure.containerinstance.containergroups.list_by_resource_group,item.containers,not_empty,
container,azure.containerinstance.group.provisioning_succeeded,azure.containerinstance.containergroups.list_by_resource_group,item.provisioning_state,equals,Succeeded
container,azure.containerinstance.group.availability_zones_configured,azure.containerinstance.containergroups.list_by_resource_group,item.zones,not_empty,
container,azure.containerinstance.group.tags_configured,azure.containerinstance.containergroups.list_by_resource_group,item.tags,not_empty,
containerservice,azure.aks.cluster.fips_enabled,azure.containerservice.managedclusters.list_by_resource_group,item.enable_fips,equals,true
containerservice,azure.aks.cluster.kubernetes_version_current,azure.containerservice.managedclusters.list_by_resource_group,item.kubernetes_version,not_empty,
containerservice,azure.aks.cluster.os_sku_configured,azure.containerservice.managedclusters.list_by_resource_group,item.os_sku,not_empty,
containerservice,azure.aks.cluster.tags_configured,azure.containerservice.managedclusters.list_by_resource_group,item.tags,not_empty,
containerservice,azure.aks.cluster.system_data_present,azure.containerservice.managedclusters.list_by_resource_group,item.system_data,not_empty,
containerservice,azure.aks.cluster.properties_configured,azure.containerservice.managedclusters.list,item.properties,not_empty,
containerservice,azure.aks.cluster.zones_configured,azure.containerservice.managedclusters.list,item.zones,not_empty,
cosmosdb,azure.cosmosdb.account.provisioning_succeeded,azure.cosmosdb.databaseaccounts.list_by_resource_group,item.provisioning_state,equals,Succeeded
cosmosdb,azure.cosmosdb.account.tags_configured,azure.cosmosdb.databaseaccounts.list_by_resource_group,item.tags,not_empty,
cosmosdb,azure.cosmosdb.cassandra.managed_identity_enabled,azure.cosmosdb.cassandraclusters.list_by_subscription,item.identity,not_empty,
cosmosdb,azure.cosmosdb.cassandra.properties_configured,azure.cosmosdb.cassandraclusters.list_by_subscription,item.properties,not_empty,
cosmosdb,azure.cosmosdb.cassandra.tags_configured,azure.cosmosdb.cassandraclusters.list_by_subscription,item.tags,not_empty,
eventhub,azure.eventhub.namespace.encryption_configured,azure.eventhub.namespaces.list_by_resource_group,item.encryption,not_empty,
eventhub,azure.eventhub.namespace.managed_identity_enabled,azure.eventhub.namespaces.list_by_resource_group,item.identity,not_empty,
eventhub,azure.eventhub.namespace.zone_redundant,azure.eventhub.namespaces.list_by_resource_group,item.zone_redundant,equals,true
eventhub,azure.eventhub.namespace.provisioning_succeeded,azure.eventhub.namespaces.list_by_resource_group,item.provisioning_state,equals,Succeeded
eventhub,azure.eventhub.namespace.kafka_enabled,azure.eventhub.namespaces.list_by_resource_group,item.kafka_enabled,equals,true
eventhub,azure.eventhub.namespace.tags_configured,azure.eventhub.namespaces.list_by_resource_group,item.tags,not_empty,
keyvault,azure.keyvault.vault.properties_configured,azure.keyvault.vaults.list_by_subscription,item.properties,not_empty,
keyvault,azure.keyvault.vault.tags_configured,azure.keyvault.vaults.list_by_subscription,item.tags,not_empty,
keyvault,azure.keyvault.hsm.managed_identity_enabled,azure.keyvault.managedhsms.list_by_subscription,item.identity,not_empty,
keyvault,azure.keyvault.hsm.properties_configured,azure.keyvault.managedhsms.list_by_subscription,item.properties,not_empty,
keyvault,azure.keyvault.hsm.tags_configured,azure.keyvault.managedhsms.list_by_subscription,item.tags,not_empty,
kusto,azure.kusto.cluster.public_network_access_disabled,azure.kusto.clusters.list_by_resource_group,item.public_network_access,equals,Disabled
kusto,azure.kusto.cluster.disk_encryption_enabled,azure.kusto.clusters.list_by_resource_group,item.enable_disk_encryption,equals,true
kusto,azure.kusto.cluster.double_encryption_enabled,azure.kusto.clusters.list_by_resource_group,item.enable_double_encryption,equals,true
kusto,azure.kusto.cluster.cmk_encryption_configured,azure.kusto.clusters.list_by_resource_group,item.key_vault_properties,not_empty,
kusto,azure.kusto.cluster.private_endpoints_configured,azure.kusto.clusters.list_by_resource_group,item.private_endpoint_connections,not_empty,
kusto,azure.kusto.cluster.restrict_outbound_network,azure.kusto.clusters.list_by_resource_group,item.restrict_outbound_network_access,equals,Enabled
kusto,azure.kusto.cluster.vnet_configured,azure.kusto.clusters.list_by_resource_group,item.virtual_network_configuration,not_empty,
kusto,azure.kusto.cluster.managed_identity_enabled,azure.kusto.clusters.list_by_resource_group,item.identity,not_empty,
kusto,azure.kusto.cluster.trusted_tenants_configured,azure.kusto.clusters.list_by_resource_group,item.trusted_external_tenants,not_empty,
kusto,azure.kusto.cluster.availability_zones_configured,azure.kusto.clusters.list_by_resource_group,item.zones,not_empty,
kusto,azure.kusto.cluster.provisioning_succeeded,azure.kusto.clusters.list_by_resource_group,item.provisioning_state,equals,Succeeded
kusto,azure.kusto.cluster.tags_configured,azure.kusto.clusters.list_by_resource_group,item.tags,not_empty,
loganalytics,azure.loganalytics.workspace.public_ingestion_disabled,azure.loganalytics.workspaces.list,item.public_network_access_for_ingestion,equals,Disabled
loganalytics,azure.loganalytics.workspace.public_query_disabled,azure.loganalytics.workspaces.list,item.public_network_access_for_query,equals,Disabled
loganalytics,azure.loganalytics.workspace.cmk_enforced_for_query,azure.loganalytics.workspaces.list,item.force_cmk_for_query,equals,true
loganalytics,azure.loganalytics.workspace.retention_configured,azure.loganalytics.workspaces.list,item.retention_in_days,gte,90
loganalytics,azure.loganalytics.workspace.private_link_configured,azure.loganalytics.workspaces.list,item.private_link_scoped_resources,not_empty,
loganalytics,azure.loganalytics.workspace.managed_identity_enabled,azure.loganalytics.workspaces.list,item.identity,not_empty,
loganalytics,azure.loganalytics.workspace.workspace_capping_configured,azure.loganalytics.workspaces.list,item.workspace_capping,not_empty,
loganalytics,azure.loganalytics.workspace.provisioning_succeeded,azure.loganalytics.workspaces.list,item.provisioning_state,equals,Succeeded
loganalytics,azure.loganalytics.workspace.tags_configured,azure.loganalytics.workspaces.list,item.tags,not_empty,
managedidentity,azure.msi.identity.principal_id_present,azure.msi.userassignedidentities.list_by_subscription,item.principal_id,not_empty,
managedidentity,azure.msi.identity.client_id_present,azure.msi.userassignedidentities.list_by_subscription,item.client_id,not_empty,
managedidentity,azure.msi.identity.tenant_id_present,azure.msi.userassignedidentities.list_by_subscription,item.tenant_id,not_empty,
managedidentity,azure.msi.identity.tags_configured,azure.msi.userassignedidentities.list_by_subscription,item.tags,not_empty,
managementgroups,azure.managementgroups.group.properties_configured,azure.managementgroups.managementgroups.list,item.properties,not_empty,
managementgroups,azure.managementgroups.group.provisioning_succeeded,azure.managementgroups.managementgroups.list,item.provisioning_state,equals,Succeeded
managementgroups,azure.managementgroups.group.tags_configured,azure.managementgroups.managementgroups.list,item.tags,not_empty,
mariadb,azure.mariadb.server.sku_configured,azure.mariadb.servers.servers_list,item.sku,not_empty,
mariadb,azure.mariadb.server.properties_configured,azure.mariadb.servers.servers_list,item.properties,not_empty,
mariadb,azure.mariadb.server.managed_identity_enabled,azure.mariadb.servers.servers_list,item.identity,not_empty,
mariadb,azure.mariadb.server.provisioning_succeeded,azure.mariadb.servers.servers_list,item.provisioning_state,equals,Succeeded
mariadb,azure.mariadb.server.tags_configured,azure.mariadb.servers.servers_list,item.tags,not_empty,
monitor,azure.monitor.activity_log_alert.enabled,azure.monitor.activitylogalerts.list_by_subscription_id,item.enabled,equals,true
monitor,azure.monitor.activity_log_alert.condition_configured,azure.monitor.activitylogalerts.list_by_subscription_id,item.condition,not_empty,
monitor,azure.monitor.activity_log_alert.actions_configured,azure.monitor.activitylogalerts.list_by_subscription_id,item.actions,not_empty,
monitor,azure.monitor.activity_log_alert.scopes_defined,azure.monitor.activitylogalerts.list_by_subscription_id,item.scopes,not_empty,
monitor,azure.monitor.activity_log_alert.description_present,azure.monitor.activitylogalerts.list_by_subscription_id,item.description,not_empty,
monitor,azure.monitor.action_group.enabled,azure.monitor.actiongroups.list_by_subscription_id,item.enabled,equals,true
monitor,azure.monitor.action_group.actions_configured,azure.monitor.actiongroups.list_by_subscription_id,item.actions,not_empty,
monitor,azure.monitor.metric_alert.enabled,azure.monitor.metricalerts.list_by_subscription,item.enabled,equals,true
monitor,azure.monitor.metric_alert.criteria_configured,azure.monitor.metricalerts.list_by_subscription,item.criteria,not_empty,
monitor,azure.monitor.metric_alert.actions_configured,azure.monitor.metricalerts.list_by_subscription,item.actions,not_empty,
monitor,azure.monitor.metric_alert.scopes_defined,azure.monitor.metricalerts.list_by_subscription,item.scopes,not_empty,
monitor,azure.monitor.scheduled_query.enabled,azure.monitor.scheduledqueryrules.list_by_subscription,item.enabled,equals,true
monitor,azure.monitor.scheduled_query.criteria_configured,azure.monitor.scheduledqueryrules.list_by_subscription,item.criteria,not_empty,
monitor,azure.monitor.scheduled_query.actions_configured,azure.monitor.scheduledqueryrules.list_by_subscription,item.actions,not_empty,
monitor,azure.monitor.data_collection_rule.identity_configured,azure.monitor.datacollectionrules.list_by_subscription,item.identity,not_empty,
monitor,azure.monitor.data_collection_rule.tags_configured,azure.monitor.datacollectionrules.list_by_subscription,item.tags,not_empty,
monitor,azure.monitor.workspace.identity_configured,azure.monitor.azuremonitorworkspaces.list_by_subscription,item.identity,not_empty,
monitor,azure.monitor.workspace.tags_configured,azure.monitor.azuremonitorworkspaces.list_by_subscription,item.tags,not_empty,
mysql,azure.mysql.server.sku_configured,azure.mysql.servers.servers_list,item.sku,not_empty,
mysql,azure.mysql.server.properties_configured,azure.mysql.servers.servers_list,item.properties,not_empty,
mysql,azure.mysql.server.managed_identity_enabled,azure.mysql.servers.servers_list,item.identity,not_empty,
mysql,azure.mysql.server.availability_zones_configured,azure.mysql.servers.servers_list,item.zones,not_empty,
mysql,azure.mysql.server.provisioning_succeeded,azure.mysql.servers.servers_list,item.provisioning_state,equals,Succeeded
mysql,azure.mysql.server.tags_configured,azure.mysql.servers.servers_list,item.tags,not_empty,
network,azure.network.nsg.custom_rules_configured,azure.network.networksecuritygroups.list_all,item.custom_rules,not_empty,
network,azure.network.nsg.provisioning_succeeded,azure.network.networksecuritygroups.list_all,item.provisioning_state,equals,Succeeded
network,azure.network.nsg.tags_configured,azure.network.networksecuritygroups.list_all,item.tags,not_empty,
network,azure.network.vnet.provisioning_succeeded,azure.network.virtualnetworks.list_all,item.provisioning_state,equals,Succeeded
network,azure.network.vnet.tags_configured,azure.network.virtualnetworks.list_all,item.tags,not_empty,
network,azure.network.waf.custom_rules_configured,azure.network.webapplicationfirewallpolicies.list_all,item.custom_rules,not_empty,
network,azure.network.waf.managed_rules_configured,azure.network.webapplicationfirewallpolicies.list_all,item.managed_rules,not_empty,
network,azure.network.waf.policy_settings_configured,azure.network.webapplicationfirewallpolicies.list_all,item.policy_settings,not_empty,
network,azure.network.waf.provisioning_succeeded,azure.network.webapplicationfirewallpolicies.list_all,item.provisioning_state,equals,Succeeded
network,azure.network.waf.tags_configured,azure.network.webapplicationfirewallpolicies.list_all,item.tags,not_empty,
network,azure.network.appgw.provisioning_succeeded,azure.network.applicationgateways.list_all,item.provisioning_state,equals,Succeeded
network,azure.network.appgw.tags_configured,azure.network.applicationgateways.list_all,item.tags,not_empty,
network,azure.network.firewall.provisioning_succeeded,azure.network.azurefirewalls.list_all,item.provisioning_state,equals,Succeeded
network,azure.network.firewall.tags_configured,azure.network.azurefirewalls.list_all,item.tags,not_empty,
network,azure.network.lb.provisioning_succeeded,azure.network.loadbalancers.list_all,item.provisioning_state,equals,Succeeded
network,azure.network.lb.tags_configured,azure.network.loadbalancers.list_all,item.tags,not_empty,
network,azure.network.public_ip.provisioning_succeeded,azure.network.publicipaddresses.list_all,item.provisioning_state,equals,Succeeded
network,azure.network.public_ip.tags_configured,azure.network.publicipaddresses.list_all,item.tags,not_empty,
network,azure.network.ddos.provisioning_succeeded,azure.network.ddosprotectionplans.list_by_resource_group,item.provisioning_state,equals,Succeeded
network,azure.network.ddos.tags_configured,azure.network.ddosprotectionplans.list_by_resource_group,item.tags,not_empty,
network,azure.network.ssl_policy.cipher_suites_configured,azure.network.applicationgateways.list_available_ssl_predefined_policies,item.cipher_suites,not_empty,
network,azure.network.ssl_policy.min_protocol_version_set,azure.network.applicationgateways.list_available_ssl_predefined_policies,item.min_protocol_version,not_empty,
postgresql,azure.postgresql.server.sku_configured,azure.postgresql.servers.servers_list,item.sku,not_empty,
postgresql,azure.postgresql.server.properties_configured,azure.postgresql.servers.servers_list,item.properties,not_empty,
postgresql,azure.postgresql.server.managed_identity_enabled,azure.postgresql.servers.servers_list,item.identity,not_empty,
postgresql,azure.postgresql.server.availability_zones_configured,azure.postgresql.servers.servers_list,item.zones,not_empty,
postgresql,azure.postgresql.server.provisioning_succeeded,azure.postgresql.servers.servers_list,item.provisioning_state,equals,Succeeded
postgresql,azure.postgresql.server.tags_configured,azure.postgresql.servers.servers_list,item.tags,not_empty,
servicebus,azure.servicebus.namespace.public_network_access_disabled,azure.servicebus.namespaces.list_by_resource_group,item.public_network_access,equals,Disabled
servicebus,azure.servicebus.namespace.encryption_configured,azure.servicebus.namespaces.list_by_resource_group,item.encryption,not_empty,
servicebus,azure.servicebus.namespace.minimum_tls_version_12,azure.servicebus.namespaces.list_by_resource_group,item.minimum_tls_version,equals,1.2
servicebus,azure.servicebus.namespace.local_auth_disabled,azure.servicebus.namespaces.list_by_resource_group,item.disable_local_auth,equals,true
servicebus,azure.servicebus.namespace.managed_identity_enabled,azure.servicebus.namespaces.list_by_resource_group,item.identity,not_empty,
servicebus,azure.servicebus.namespace.private_endpoints_configured,azure.servicebus.namespaces.list_by_resource_group,item.private_endpoint_connections,not_empty,
servicebus,azure.servicebus.namespace.zone_redundant,azure.servicebus.namespaces.list_by_resource_group,item.zone_redundant,equals,true
servicebus,azure.servicebus.namespace.provisioning_succeeded,azure.servicebus.namespaces.list_by_resource_group,item.provisioning_state,equals,Succeeded
servicebus,azure.servicebus.namespace.tags_configured,azure.servicebus.namespaces.list_by_resource_group,item.tags,not_empty,
signalr,azure.signalr.service.public_network_access_disabled,azure.signalr.signalr.list_by_subscription,item.public_network_access,equals,Disabled
signalr,azure.signalr.service.local_auth_disabled,azure.signalr.signalr.list_by_subscription,item.disable_local_auth,equals,true
signalr,azure.signalr.service.aad_auth_enabled,azure.signalr.signalr.list_by_subscription,item.disable_aad_auth,equals,false
signalr,azure.signalr.service.private_endpoints_configured,azure.signalr.signalr.list_by_subscription,item.private_endpoint_connections,not_empty,
signalr,azure.signalr.service.tls_configured,azure.signalr.signalr.list_by_subscription,item.tls,not_empty,
signalr,azure.signalr.service.network_acls_configured,azure.signalr.signalr.list_by_subscription,item.network_ac_ls,not_empty,
signalr,azure.signalr.service.managed_identity_enabled,azure.signalr.signalr.list_by_subscription,item.identity,not_empty,
signalr,azure.signalr.service.cors_configured,azure.signalr.signalr.list_by_subscription,item.cors,not_empty,
signalr,azure.signalr.service.resource_log_configured,azure.signalr.signalr.list_by_subscription,item.resource_log_configuration,not_empty,
signalr,azure.signalr.service.provisioning_succeeded,azure.signalr.signalr.list_by_subscription,item.provisioning_state,equals,Succeeded
signalr,azure.signalr.service.tags_configured,azure.signalr.signalr.list_by_subscription,item.tags,not_empty,
sql,azure.sql.server.managed_identity_enabled,azure.sql.servers.list,item.identity,not_empty,
sql,azure.sql.server.properties_configured,azure.sql.servers.list,item.properties,not_empty,
sql,azure.sql.server.sku_configured,azure.sql.servers.list,item.sku,not_empty,
sql,azure.sql.server.availability_zones_configured,azure.sql.servers.list,item.zones,not_empty,
sql,azure.sql.server.provisioning_succeeded,azure.sql.servers.list,item.provisioning_state,equals,Succeeded
sql,azure.sql.server.tags_configured,azure.sql.servers.list,item.tags,not_empty,
sql,azure.sql.managed_instance.managed_identity_enabled,azure.sql.managedinstances.list,item.identity,not_empty,
sql,azure.sql.managed_instance.properties_configured,azure.sql.managedinstances.list,item.properties,not_empty,
sql,azure.sql.managed_instance.sku_configured,azure.sql.managedinstances.list,item.sku,not_empty,
sql,azure.sql.managed_instance.availability_zones_configured,azure.sql.managedinstances.list,item.zones,not_empty,
sql,azure.sql.managed_instance.provisioning_succeeded,azure.sql.managedinstances.list,item.provisioning_state,equals,Succeeded
sql,azure.sql.managed_instance.tags_configured,azure.sql.managedinstances.list,item.tags,not_empty,
storage,azure.storage.account.encryption_configured,azure.storage.storageaccounts.list_by_resource_group,item.encryption,not_empty,
storage,azure.storage.account.https_only_enforced,azure.storage.storageaccounts.list_by_resource_group,item.enable_https_traffic_only,equals,true
storage,azure.storage.account.minimum_tls_version_12,azure.storage.storageaccounts.list_by_resource_group,item.minimum_tls_version,equals,TLS1_2
storage,azure.storage.account.public_network_access_disabled,azure.storage.storageaccounts.list_by_resource_group,item.public_network_access,equals,Disabled
storage,azure.storage.account.public_blob_access_disabled,azure.storage.storageaccounts.list_by_resource_group,item.allow_blob_public_access,equals,false
storage,azure.storage.account.network_rules_configured,azure.storage.storageaccounts.list_by_resource_group,item.network_rule_set,not_empty,
storage,azure.storage.account.private_endpoints_configured,azure.storage.storageaccounts.list_by_resource_group,item.private_endpoint_connections,not_empty,
storage,azure.storage.account.shared_key_access_disabled,azure.storage.storageaccounts.list_by_resource_group,item.allow_shared_key_access,equals,false
storage,azure.storage.account.default_oauth_authentication,azure.storage.storageaccounts.list_by_resource_group,item.default_to_o_auth_authentication,equals,true
storage,azure.storage.account.managed_identity_enabled,azure.storage.storageaccounts.list_by_resource_group,item.identity,not_empty,
storage,azure.storage.account.immutable_storage_configured,azure.storage.storageaccounts.list_by_resource_group,item.immutable_storage_with_versioning,not_empty,
storage,azure.storage.account.cross_tenant_replication_disabled,azure.storage.storageaccounts.list_by_resource_group,item.allow_cross_tenant_replication,equals,false
storage,azure.storage.account.sas_policy_configured,azure.storage.storageaccounts.list_by_resource_group,item.sas_policy,not_empty,
storage,azure.storage.account.key_policy_configured,azure.storage.storageaccounts.list_by_resource_group,item.key_policy,not_empty,
storage,azure.storage.account.hns_enabled,azure.storage.storageaccounts.list_by_resource_group,item.is_hns_enabled,equals,true
storage,azure.storage.account.sftp_disabled,azure.storage.storageaccounts.list_by_resource_group,item.is_sftp_enabled,equals,false
storage,azure.storage.account.local_user_disabled,azure.storage.storageaccounts.list_by_resource_group,item.is_local_user_enabled,equals,false
storage,azure.storage.account.nfsv3_disabled,azure.storage.storageaccounts.list_by_resource_group,item.enable_nfs_v3,equals,false
storage,azure.storage.account.provisioning_succeeded,azure.storage.storageaccounts.list_by_resource_group,item.provisioning_state,equals,Succeeded
storage,azure.storage.account.tags_configured,azure.storage.storageaccounts.list_by_resource_group,item.tags,not_empty,
storage,azure.storage.account.zones_configured,azure.storage.storageaccounts.list_by_resource_group,item.zones,not_empty,
streamanalytics,azure.streamanalytics.cluster.managed_identity_enabled,azure.streamanalytics.clusters.list_by_resource_group,item.identity,not_empty,
streamanalytics,azure.streamanalytics.cluster.sku_configured,azure.streamanalytics.clusters.list_by_resource_group,item.sku,not_empty,
streamanalytics,azure.streamanalytics.cluster.properties_configured,azure.streamanalytics.clusters.list_by_resource_group,item.properties,not_empty,
streamanalytics,azure.streamanalytics.cluster.provisioning_succeeded,azure.streamanalytics.clusters.list_by_resource_group,item.provisioning_state,equals,Succeeded
streamanalytics,azure.streamanalytics.cluster.tags_configured,azure.streamanalytics.clusters.list_by_resource_group,item.tags,not_empty,
subscription,azure.subscription.tenant_id_present,azure.subscription.subscriptions.list,item.tenant_id,not_empty,
subscription,azure.subscription.policy.properties_configured,azure.subscription.subscriptionpolicy.list_policy_for_tenant,item.properties,not_empty,
subscription,azure.subscription.policy.system_data_present,azure.subscription.subscriptionpolicy.list_policy_for_tenant,item.system_data,not_empty,
web,azure.web.app.https_only_enforced,azure.web.webapps.list_by_resource_group,item.https_only,equals,true
web,azure.web.app.end_to_end_encryption_enabled,azure.web.webapps.list_by_resource_group,item.end_to_end_encryption_enabled,equals,true
web,azure.web.app.client_cert_enabled,azure.web.webapps.list_by_resource_group,item.client_cert_enabled,equals,true
web,azure.web.app.client_cert_mode_required,azure.web.webapps.list_by_resource_group,item.client_cert_mode,equals,Required
web,azure.web.app.managed_identity_enabled,azure.web.webapps.list_by_resource_group,item.identity,not_empty,
web,azure.web.app.public_network_access_disabled,azure.web.webapps.list_by_resource_group,item.public_network_access,equals,Disabled
web,azure.web.app.vnet_integrated,azure.web.webapps.list_by_resource_group,item.virtual_network_subnet_id,not_empty,
web,azure.web.app.ssh_disabled,azure.web.webapps.list_by_resource_group,item.ssh_enabled,equals,false
web,azure.web.app.site_config_configured,azure.web.webapps.list_by_resource_group,item.site_config,not_empty,
web,azure.web.app.host_name_ssl_configured,azure.web.webapps.list_by_resource_group,item.host_name_ssl_states,not_empty,
web,azure.web.app.keyvault_reference_identity_configured,azure.web.webapps.list_by_resource_group,item.key_vault_reference_identity,not_empty,
web,azure.web.app.scm_site_stopped,azure.web.webapps.list_by_resource_group,item.scm_site_also_stopped,equals,true
web,azure.web.app.client_affinity_disabled,azure.web.webapps.list_by_resource_group,item.client_affinity_enabled,equals,false
web,azure.web.app.storage_account_not_required,azure.web.webapps.list_by_resource_group,item.storage_account_required,equals,false
web,azure.web.app.redundancy_mode_configured,azure.web.webapps.list_by_resource_group,item.redundancy_mode,not_empty,
web,azure.web.app.enabled,azure.web.webapps.list_by_resource_group,item.enabled,equals,true
web,azure.web.app.tags_configured,azure.web.webapps.list_by_resource_group,item.tags,not_empty,
