rule_id,current_service,suggested_service,resource,domain,reason,confidence,status,normalized_rule_id,transformation,status_update
azure.azure.network_vpn_connection.network_vpn_tunnel_health_monitoring_enabled,azure,network,network_vpn_connection,logging_monitoring_and_alerting,resource contains 'network',high,PENDING_REVIEW,azure.network.vpn_connection.vpn_tunnel_health_monitoring_enabled,azure → network,NORMALIZED
azure.azure.monitoring_trace.retention_days_minimum,azure,monitor,monitoring_trace,logging_monitoring_and_alerting,resource contains 'monitoring',high,PENDING_REVIEW,azure.monitor.trace.retention_days_minimum,azure → monitor,NORMALIZED
azure.azure.monitoring_alert.destinations_authenticated,azure,monitor,monitoring_alert,logging_monitoring_and_alerting,resource contains 'monitoring',high,PENDING_REVIEW,azure.monitor.alert.destinations_authenticated,azure → monitor,NORMALIZED
azure.azure.privacy_rights.workflow_storage_encrypted,azure,storage,privacy_rights,data_protection_and_privacy,rule_id contains 'storage',high,PENDING_REVIEW,azure.storage.privacy_rights.workflow_storage_encrypted,azure → storage,NORMALIZED
azure.azure.dr_source_server.resilience_dr_source_min_telemtry_required_no_pii,azure,backup,dr_source_server,compute_and_workload_security,resource contains 'dr_',high,PENDING_REVIEW,azure.backup.dr_source_server.resilience_dr_source_min_telemtry_required_no_pii,azure → backup,NORMALIZED
azure.azure.network_load_balancer.network_lb_valid_certificate_attached,azure,network,network_load_balancer,data_protection_and_privacy,resource contains 'network',high,PENDING_REVIEW,azure.network.load_balancer.lb_valid_certificate_attached,azure → network,NORMALIZED
azure.azure.mlops_monitoring.ml_ops_monitoring_roles_least_privilege,azure,monitor,mlops_monitoring,identity_and_access_management,resource contains 'monitoring',high,PENDING_REVIEW,azure.monitor.mlops_monitoring.ml_ops_monitoring_roles_least_privilege,azure → monitor,NORMALIZED
azure.azure.network_access_control.policy_store_encrypted,azure,network,network_access_control,identity_and_access_management,resource contains 'network',high,PENDING_REVIEW,azure.network.access_control.policy_store_encrypted,azure → network,NORMALIZED
azure.azure.streaming_stream_consumer.streaming_consumer_auth_required,azure,security,streaming_stream_consumer,compliance_and_governance,scope contains 'security',high,PENDING_REVIEW,azure.security.streaming_stream_consumer.streaming_consumer_auth_required,azure → security,NORMALIZED
azure.azure.streaming_firehose.logging_enabled,azure,monitor,streaming_firehose,logging_monitoring_and_alerting,rule_id contains 'log',high,PENDING_REVIEW,azure.monitor.streaming_firehose.logging_enabled,azure → monitor,NORMALIZED
azure.azure.network_encryption.mtls_required_for_internal_services_where_supported,azure,network,network_encryption,data_protection_and_privacy,resource contains 'network',high,PENDING_REVIEW,azure.network.encryption.mtls_required_for_internal_services_where_supported,azure → network,NORMALIZED
azure.azure.network_monitoring.alerts_for_anomalies_configured,azure,network,network_monitoring,logging_monitoring_and_alerting,resource contains 'network',high,PENDING_REVIEW,azure.network.monitoring.alerts_for_anomalies,azure → network,NORMALIZED
azure.azure.registry_replication_config.supply_chain_registry_replication_cross_region_encrypted,azure,keyvault,registry_replication_config,data_protection_and_privacy,domain is 'data_protection_and_privacy',high,PENDING_REVIEW,azure.keyvault.registry_replication_config.supply_chain_registry_replication_cross_region_encrypted,azure → keyvault,NORMALIZED
azure.azure.mlops_monitoring.ml_ops_monitoring_private_networking_enforced,azure,monitor,mlops_monitoring,network_security_and_connectivity,resource contains 'monitoring',high,PENDING_REVIEW,azure.monitor.mlops_monitoring.ml_ops_monitoring_private_networking_enforced,azure → monitor,NORMALIZED
azure.azure.network_firewall.logging_enabled,azure,network,network_firewall,network_security_and_connectivity,resource contains 'network',high,PENDING_REVIEW,azure.network.firewall.logging_enabled,azure → network,NORMALIZED
azure.azure.streaming_stream.private_network_only_where_supported,azure,network,streaming_stream,network_security_and_connectivity,rule_id contains 'network',high,PENDING_REVIEW,azure.network.streaming_stream.private_network_only_where_supported,azure → network,NORMALIZED
azure.azure.network_endpoint.private_dns_enabled_where_supported,azure,network,network_endpoint,network_security_and_connectivity,resource contains 'network',high,PENDING_REVIEW,azure.network.endpoint.private_dns_enabled_where_supported,azure → network,NORMALIZED
azure.azure.crypto_grant.secrets_kms_grant_lessthan_wildcard_permissions,azure,keyvault,crypto_grant,secrets_and_key_management,resource contains 'crypto',high,PENDING_REVIEW,azure.keyvault.grant.kms_grant_lessthan_wildcard_permissions,azure → keyvault,NORMALIZED
azure.azure.platform_api_endpoint.private_networking_enforced,azure,api,platform_api_endpoint,network_security_and_connectivity,resource contains 'api',high,PENDING_REVIEW,azure.api.platform_api_endpoint.private_networking_enforced,azure → api,NORMALIZED
azure.azure.network_vpn_connection.network_vpn_pre_shared_keys_rotation_policy_defined,azure,network,network_vpn_connection,secrets_and_key_management,resource contains 'network',high,PENDING_REVIEW,azure.network.vpn_connection.vpn_pre_shared_keys_rotation_policy_defined,azure → network,NORMALIZED
azure.azure.dr_source_server.resilience_dr_source_encryption_at_rest_cmek_where_supported,azure,backup,dr_source_server,data_protection_and_privacy,resource contains 'dr_',high,PENDING_REVIEW,azure.backup.dr_source_server.resilience_dr_source_encryption_at_rest_cmek_where_supported,azure → backup,NORMALIZED
azure.azure.logging_store.access_rbac_least_privilege,azure,monitor,logging_store,identity_and_access_management,resource contains 'log',high,PENDING_REVIEW,azure.monitor.logging_store.access_rbac_least_privilege,azure → monitor,NORMALIZED
azure.azure.network_load_balancer.network_lb_listener_tls_min_1_2,azure,network,network_load_balancer,data_protection_and_privacy,resource contains 'network',high,PENDING_REVIEW,azure.network.load_balancer.lb_listener_tls_min_1_2,azure → network,NORMALIZED
azure.azure.privacy_masking.execution_roles_least_privilege,azure,rbac,privacy_masking,identity_and_access_management,rule_id contains 'role',high,PENDING_REVIEW,azure.rbac.privacy_masking.execution_roles_least_privilege,azure → rbac,NORMALIZED
azure.azure.monitoring_dashboard.sharing_restricted_to_org,azure,monitor,monitoring_dashboard,logging_monitoring_and_alerting,resource contains 'monitoring',high,PENDING_REVIEW,azure.monitor.dashboard.sharing_restricted_to_org,azure → monitor,NORMALIZED
azure.azure.streaming_video_stream.streaming_video_encryption_at_rest_enabled,azure,keyvault,streaming_video_stream,data_protection_and_privacy,domain is 'data_protection_and_privacy',high,PENDING_REVIEW,azure.keyvault.streaming_video_stream.streaming_video_encryption_at_rest_enabled,azure → keyvault,NORMALIZED
azure.azure.crypto_private_ca.secrets_private_ca_ca_access_rbac_least_privilege,azure,keyvault,crypto_private_ca,identity_and_access_management,resource contains 'crypto',high,PENDING_REVIEW,azure.keyvault.private_ca.private_ca_ca_access_rbac_least_privilege,azure → keyvault,NORMALIZED
azure.azure.network_load_balancer.network_lb_waf_attached_where_supported,azure,network,network_load_balancer,network_security_and_connectivity,resource contains 'network',high,PENDING_REVIEW,azure.network.load_balancer.lb_waf_attached_where_supported,azure → network,NORMALIZED
azure.azure.network_network_acl.network_nacl_no_allow_all_rules,azure,network,network_network_acl,network_security_and_connectivity,resource contains 'network',high,PENDING_REVIEW,azure.network.network_acl.nacl_no_allow_all_rules,azure → network,NORMALIZED
azure.azure.secrets_parameter.secure_string_type_for_sensitive,azure,keyvault,secrets_parameter,secrets_and_key_management,resource contains 'secrets',high,PENDING_REVIEW,azure.keyvault.secrets_parameter.secure_string_type_for_sensitive,azure → keyvault,NORMALIZED
azure.azure.network_vpc.route_tables_no_unintended_internet_paths,azure,network,network_vpc,network_security_and_connectivity,resource contains 'vpc',high,PENDING_REVIEW,azure.network.vpc.route_tables_no_unintended_internet_paths,azure → network,NORMALIZED
azure.azure.network_micro_segmentation.network_microseg_identity_aware_policies_enabled,azure,network,network_micro_segmentation,identity_and_access_management,resource contains 'network',high,PENDING_REVIEW,azure.network.micro_segmentation.microseg_identity_aware_policies_enabled,azure → network,NORMALIZED
azure.azure.logging_query_definition.storage_encrypted,azure,monitor,logging_query_definition,data_protection_and_privacy,resource contains 'log',high,PENDING_REVIEW,azure.monitor.logging_query_definition.storage_encrypted,azure → monitor,NORMALIZED
azure.azure.privacy_audit.retention_days_minimum,azure,security,privacy_audit,data_protection_and_privacy,scope contains 'security',high,PENDING_REVIEW,azure.security.privacy_audit.retention_days_minimum,azure → security,NORMALIZED
azure.azure.network_vpc.flow_logs_enabled,azure,network,network_vpc,network_security_and_connectivity,resource contains 'vpc',high,PENDING_REVIEW,azure.network.vpc.flow_logs_enabled,azure → network,NORMALIZED
azure.azure.network_traffic_analysis.ids_ips_enabled_where_supported,azure,network,network_traffic_analysis,network_security_and_connectivity,resource contains 'network',high,PENDING_REVIEW,azure.network.traffic_analysis.ids_ips_enabled_where_supported,azure → network,NORMALIZED
azure.azure.network_route_table.vpc_endpoints_used_for_saas_where_supported,azure,network,network_route_table,network_security_and_connectivity,resource contains 'network',high,PENDING_REVIEW,azure.network.route_table.vpc_endpoints_used_for_saas_where_supported,azure → network,NORMALIZED
azure.azure.serverless_version.published_and_immutable,azure,security,serverless_version,compute_and_workload_security,scope contains 'security',high,PENDING_REVIEW,azure.security.serverless_version.published_and_immutable,azure → security,NORMALIZED
azure.azure.monitoring_anomaly_detector.monitoring_anomaly_training_data_sources_approved,azure,monitor,monitoring_anomaly_detector,logging_monitoring_and_alerting,resource contains 'monitoring',high,PENDING_REVIEW,azure.monitor.anomaly_detector.anomaly_training_data_sources_approved,azure → monitor,NORMALIZED
azure.azure.platform_stage.logging_enabled,azure,monitor,platform_stage,logging_monitoring_and_alerting,rule_id contains 'log',high,PENDING_REVIEW,azure.monitor.platform_stage.logging_enabled,azure → monitor,NORMALIZED
azure.azure.network_target_group.network_tg_targets_in_private_subnets,azure,network,network_target_group,network_security_and_connectivity,resource contains 'network',high,PENDING_REVIEW,azure.network.target_group.tg_targets_in_private_subnets,azure → network,NORMALIZED
azure.azure.streaming_analytics_application.streaming_analytics_role_least_privilege,azure,rbac,streaming_analytics_application,identity_and_access_management,rule_id contains 'role',high,PENDING_REVIEW,azure.rbac.streaming_analytics_application.streaming_analytics_role_least_privilege,azure → rbac,NORMALIZED
azure.azure.platform_authorizer.token_audience_restricted,azure,security,platform_authorizer,container_and_kubernetes_security,scope contains 'security',high,PENDING_REVIEW,azure.security.platform_authorizer.token_audience_restricted,azure → security,NORMALIZED
azure.azure.network_target_group.network_tg_health_checks_tls_where_supported,azure,network,network_target_group,data_protection_and_privacy,resource contains 'network',high,PENDING_REVIEW,azure.network.target_group.tg_health_checks_tls_where_supported,azure → network,NORMALIZED
azure.azure.platform_api_key.rotation_policy_defined,azure,api,platform_api_key,secrets_and_key_management,resource contains 'api',high,PENDING_REVIEW,azure.api.platform_api_key.rotation_policy_defined,azure → api,NORMALIZED
azure.azure.network_firewall.no_permit_any_any,azure,network,network_firewall,network_security_and_connectivity,resource contains 'network',high,PENDING_REVIEW,azure.network.firewall.no_permit_any_any,azure → network,NORMALIZED
azure.azure.registry_repo.supply_chain_registry_image_scanning_enabled,azure,security,registry_repo,container_and_kubernetes_security,scope contains 'security',high,PENDING_REVIEW,azure.security.registry_repo.supply_chain_registry_image_scanning_enabled,azure → security,NORMALIZED
azure.azure.monitoring_sampling_rule.storage_encrypted,azure,monitor,monitoring_sampling_rule,data_protection_and_privacy,resource contains 'monitoring',high,PENDING_REVIEW,azure.monitor.sampling_rule.storage_encrypted,azure → monitor,NORMALIZED
azure.azure.privacy_breach_detection.alert_destinations_configured,azure,security,privacy_breach_detection,data_protection_and_privacy,scope contains 'security',high,PENDING_REVIEW,azure.security.privacy_breach_detection.alert_destinations,azure → security,NORMALIZED
azure.azure.registry_lifecycle_policy.supply_chain_lifecycle_policy_policy_storage_encrypted,azure,policy,registry_lifecycle_policy,data_protection_and_privacy,resource contains 'policy',high,PENDING_REVIEW,azure.policy.registry_lifecycle_policy.supply_chain_lifecycle_policy_policy_storage_encrypted,azure → policy,NORMALIZED
azure.azure.privacy_breach_detection.integrations_authenticated,azure,security,privacy_breach_detection,data_protection_and_privacy,scope contains 'security',high,PENDING_REVIEW,azure.security.privacy_breach_detection.integrations_authenticated,azure → security,NORMALIZED
azure.azure.crypto_alias.secrets_alias_key_has_alias,azure,keyvault,crypto_alias,secrets_and_key_management,resource contains 'crypto',high,PENDING_REVIEW,azure.keyvault.alias.alias_key_has_alias,azure → keyvault,NORMALIZED
azure.azure.serverless_function.dead_letter_queue_configured,azure,function,serverless_function,compute_and_workload_security,resource contains 'function',high,PENDING_REVIEW,azure.function.serverless_function.dead_letter_queue,azure → function,NORMALIZED
azure.azure.network_subnet.route_table_association_present,azure,network,network_subnet,network_security_and_connectivity,resource contains 'network',high,PENDING_REVIEW,azure.network.subnet.route_table_association_present,azure → network,NORMALIZED
azure.azure.dr_job.resilience_roles_least_privilege,azure,backup,dr_job,identity_and_access_management,resource contains 'dr_',high,PENDING_REVIEW,azure.backup.dr_job.resilience_roles_least_privilege,azure → backup,NORMALIZED
azure.azure.crypto_certificate.secrets_certificate_not_expired,azure,keyvault,crypto_certificate,secrets_and_key_management,resource contains 'crypto',high,PENDING_REVIEW,azure.keyvault.certificate.certificate_not_expired,azure → keyvault,NORMALIZED
azure.azure.network_micro_segmentation.network_microseg_endpoint_policies_applied,azure,network,network_micro_segmentation,network_security_and_connectivity,resource contains 'network',high,PENDING_REVIEW,azure.network.micro_segmentation.microseg_endpoint_policies_applied,azure → network,NORMALIZED
azure.azure.network_security_group.network_sg_no_0_0_0_0_ingress,azure,network,network_security_group,network_security_and_connectivity,resource contains 'network',high,PENDING_REVIEW,azure.network.security_group.sg_no_0_0_0_0_ingress,azure → network,NORMALIZED
azure.azure.network_anomaly_detection.network_anomaly_detectors_enabled,azure,network,network_anomaly_detection,network_security_and_connectivity,resource contains 'network',high,PENDING_REVIEW,azure.network.anomaly_detection.anomaly_detectors_enabled,azure → network,NORMALIZED
azure.azure.dr_job.resilience_logs_enabled,azure,backup,dr_job,logging_monitoring_and_alerting,resource contains 'dr_',high,PENDING_REVIEW,azure.backup.dr_job.resilience_logs_enabled,azure → backup,NORMALIZED
azure.azure.dr_recovery_instance.resilience_recovery_instance_security_groups_restrictive,azure,compute,dr_recovery_instance,network_security_and_connectivity,resource contains 'instance',high,PENDING_REVIEW,azure.compute.dr_recovery_instance.resilience_recovery_instance_security_groups_restrictive,azure → compute,NORMALIZED
azure.azure.serverless_provisioned_concurrency.serverless_prov_conc_execution_role_least_privilege,azure,rbac,serverless_provisioned_concurrency,identity_and_access_management,rule_id contains 'role',high,PENDING_REVIEW,azure.rbac.serverless_provisioned_concurrency.serverless_prov_conc_execution_role_least_privilege,azure → rbac,NORMALIZED
azure.azure.dr_recovery_instance.resilience_recovery_instance_volumes_encrypted,azure,compute,dr_recovery_instance,data_protection_and_privacy,resource contains 'instance',high,PENDING_REVIEW,azure.compute.dr_recovery_instance.resilience_recovery_instance_volumes_encrypted,azure → compute,NORMALIZED
azure.azure.network_security_group.network_sg_egress_restricted,azure,network,network_security_group,network_security_and_connectivity,resource contains 'network',high,PENDING_REVIEW,azure.network.security_group.sg_egress_restricted,azure → network,NORMALIZED
azure.azure.logging_sink.cross_account_destinations_restricted,azure,monitor,logging_sink,logging_monitoring_and_alerting,resource contains 'log',high,PENDING_REVIEW,azure.monitor.logging_sink.cross_account_destinations_restricted,azure → monitor,NORMALIZED
azure.azure.network_network_acl.network_nacl_egress_restricted,azure,network,network_network_acl,network_security_and_connectivity,resource contains 'network',high,PENDING_REVIEW,azure.network.network_acl.nacl_egress_restricted,azure → network,NORMALIZED
azure.azure.network_monitoring.flow_logs_enabled,azure,network,network_monitoring,logging_monitoring_and_alerting,resource contains 'network',high,PENDING_REVIEW,azure.network.monitoring.flow_logs_enabled,azure → network,NORMALIZED
azure.azure.platform_usage_plan.quota_limits_configured,azure,security,platform_usage_plan,compliance_and_governance,scope contains 'security',high,PENDING_REVIEW,azure.security.platform_usage_plan.quota_limits,azure → security,NORMALIZED
azure.azure.secrets_parameter.access_rbac_least_privilege,azure,keyvault,secrets_parameter,identity_and_access_management,resource contains 'secrets',high,PENDING_REVIEW,azure.keyvault.secrets_parameter.access_rbac_least_privilege,azure → keyvault,NORMALIZED
azure.azure.privacy_audit.logs_centralized_and_encrypted,azure,monitor,privacy_audit,data_protection_and_privacy,rule_id contains 'log',high,PENDING_REVIEW,azure.monitor.privacy_audit.logs_centralized_and_encrypted,azure → monitor,NORMALIZED
azure.azure.crypto_certificate.secrets_certificate_key_length_minimum,azure,keyvault,crypto_certificate,secrets_and_key_management,resource contains 'crypto',high,PENDING_REVIEW,azure.keyvault.certificate.certificate_key_length_minimum,azure → keyvault,NORMALIZED
azure.azure.network_segmentation.default_deny_between_tiers,azure,network,network_segmentation,network_security_and_connectivity,resource contains 'network',high,PENDING_REVIEW,azure.network.segmentation.default_deny_between_tiers,azure → network,NORMALIZED
azure.azure.secrets_secret.kms_key_configured,azure,keyvault,secrets_secret,secrets_and_key_management,resource contains 'secrets',high,PENDING_REVIEW,azure.keyvault.secrets_secret.kms_key,azure → keyvault,NORMALIZED
azure.azure.logging_store.retention_days_minimum,azure,monitor,logging_store,logging_monitoring_and_alerting,resource contains 'log',high,PENDING_REVIEW,azure.monitor.logging_store.retention_days_minimum,azure → monitor,NORMALIZED
azure.azure.network_access_control.no_permit_all,azure,network,network_access_control,identity_and_access_management,resource contains 'network',high,PENDING_REVIEW,azure.network.access_control.no_permit_all,azure → network,NORMALIZED
azure.azure.dr_source_server.resilience_dr_source_agent_to_service_tls_required,azure,backup,dr_source_server,data_protection_and_privacy,resource contains 'dr_',high,PENDING_REVIEW,azure.backup.dr_source_server.resilience_dr_source_agent_to_service_tls_required,azure → backup,NORMALIZED
azure.azure.network_customer_gateway.network_cgw_ip_addresses_valid_and_owned,azure,network,network_customer_gateway,network_security_and_connectivity,resource contains 'network',high,PENDING_REVIEW,azure.network.customer_gateway.cgw_ip_addresses_valid_and_owned,azure → network,NORMALIZED
azure.azure.paas_application_version.paas_app_version_artifact_encrypted,azure,keyvault,paas_application_version,data_protection_and_privacy,domain is 'data_protection_and_privacy',high,PENDING_REVIEW,azure.keyvault.paas_application_version.paas_app_version_artifact_encrypted,azure → keyvault,NORMALIZED
azure.azure.paas_lightsail_instance.paas_instance_ssh_password_auth_disabled,azure,compute,paas_lightsail_instance,compute_and_workload_security,resource contains 'instance',high,PENDING_REVIEW,azure.compute.paas_lightsail_instance.paas_instance_ssh_password_auth_disabled,azure → compute,NORMALIZED
azure.azure.logging_log_stream.logging_stream_retention_days_minimum,azure,monitor,logging_log_stream,logging_monitoring_and_alerting,resource contains 'log',high,PENDING_REVIEW,azure.monitor.logging_log_stream.logging_stream_retention_days_minimum,azure → monitor,NORMALIZED
azure.azure.paas_application_version.paas_app_version_immutable,azure,security,paas_application_version,compliance_and_governance,scope contains 'security',high,PENDING_REVIEW,azure.security.paas_application_version.paas_app_version_immutable,azure → security,NORMALIZED
azure.azure.crypto_private_ca.secrets_private_ca_crl_or_ocsp_configured,azure,keyvault,crypto_private_ca,network_security_and_connectivity,resource contains 'crypto',high,PENDING_REVIEW,azure.keyvault.private_ca.private_ca_crl_or_ocsp,azure → keyvault,NORMALIZED
azure.azure.streaming_analytics_application.streaming_analytics_network_private_only,azure,network,streaming_analytics_application,network_security_and_connectivity,rule_id contains 'network',high,PENDING_REVIEW,azure.network.streaming_analytics_application.streaming_analytics_network_private_only,azure → network,NORMALIZED
azure.azure.vulnerability_maintenance.vuln_maintenance_window_defined,azure,security,vulnerability_maintenance,compute_and_workload_security,scope contains 'security',high,PENDING_REVIEW,azure.security.vulnerability_maintenance.vuln_maintenance_window_defined,azure → security,NORMALIZED
azure.azure.paas_app.env_secrets_from_vault_only,azure,keyvault,paas_app,secrets_and_key_management,rule_id contains 'secrets',high,PENDING_REVIEW,azure.keyvault.paas_app.env_secrets_from_vault_only,azure → keyvault,NORMALIZED
azure.azure.monitoring_anomaly_detector.monitoring_anomaly_alerts_configured,azure,monitor,monitoring_anomaly_detector,logging_monitoring_and_alerting,resource contains 'monitoring',high,PENDING_REVIEW,azure.monitor.anomaly_detector.anomaly_alerts,azure → monitor,NORMALIZED
azure.azure.platform_authorizer.cache_ttl_reasonable,azure,security,platform_authorizer,compliance_and_governance,scope contains 'security',high,PENDING_REVIEW,azure.security.platform_authorizer.cache_ttl_reasonable,azure → security,NORMALIZED
azure.azure.paas_app.logging_enabled,azure,monitor,paas_app,logging_monitoring_and_alerting,rule_id contains 'log',high,PENDING_REVIEW,azure.monitor.paas_app.logging_enabled,azure → monitor,NORMALIZED
azure.azure.platform_api_endpoint.waf_attached,azure,api,platform_api_endpoint,network_security_and_connectivity,resource contains 'api',high,PENDING_REVIEW,azure.api.platform_api_endpoint.waf_attached,azure → api,NORMALIZED
azure.azure.privacy_anonymization.outputs_encrypted,azure,keyvault,privacy_anonymization,data_protection_and_privacy,domain is 'data_protection_and_privacy',high,PENDING_REVIEW,azure.keyvault.privacy_anonymization.outputs_encrypted,azure → keyvault,NORMALIZED
azure.azure.paas_app.private_networking_enforced,azure,network,paas_app,network_security_and_connectivity,rule_id contains 'network',high,PENDING_REVIEW,azure.network.paas_app.private_networking_enforced,azure → network,NORMALIZED
azure.azure.platform_api_key.scopes_least_privilege,azure,api,platform_api_key,identity_and_access_management,resource contains 'api',high,PENDING_REVIEW,azure.api.platform_api_key.scopes_least_privilege,azure → api,NORMALIZED
azure.azure.paas_lightsail_database.paas_db_require_tls_in_transit,azure,sql,paas_lightsail_database,data_protection_and_privacy,resource contains 'database',high,PENDING_REVIEW,azure.sql.paas_lightsail_database.paas_db_require_tls_in_transit,azure → sql,NORMALIZED
azure.azure.registry_lifecycle_policy.supply_chain_lifecycle_policy_unused_or_old_tags_expire,azure,policy,registry_lifecycle_policy,identity_and_access_management,resource contains 'policy',high,PENDING_REVIEW,azure.policy.registry_lifecycle_policy.supply_chain_lifecycle_policy_unused_or_old_tags_expire,azure → policy,NORMALIZED
azure.azure.platform_usage_plan.rate_limits_configured,azure,security,platform_usage_plan,compliance_and_governance,scope contains 'security',high,PENDING_REVIEW,azure.security.platform_usage_plan.rate_limits,azure → security,NORMALIZED
azure.azure.network_listener.cipher_policy_secure,azure,network,network_listener,identity_and_access_management,resource contains 'network',high,PENDING_REVIEW,azure.network.listener.cipher_policy_secure,azure → network,NORMALIZED
azure.azure.threat_hub.auto_enroll_new_accounts,azure,security,threat_hub,compliance_and_governance,scope contains 'security',high,PENDING_REVIEW,azure.security.threat_hub.auto_enroll_new_accounts,azure → security,NORMALIZED
azure.azure.network_load_balancer.network_lb_access_logs_enabled,azure,network,network_load_balancer,logging_monitoring_and_alerting,resource contains 'network',high,PENDING_REVIEW,azure.network.load_balancer.lb_access_logs_enabled,azure → network,NORMALIZED
azure.azure.crypto_certificate.secrets_certificate_trusted_issuer,azure,keyvault,crypto_certificate,secrets_and_key_management,resource contains 'crypto',high,PENDING_REVIEW,azure.keyvault.certificate.certificate_trusted_issuer,azure → keyvault,NORMALIZED
azure.azure.logging_log_stream.logging_stream_ingestion_auth_required,azure,monitor,logging_log_stream,logging_monitoring_and_alerting,resource contains 'log',high,PENDING_REVIEW,azure.monitor.logging_log_stream.logging_stream_ingestion_auth_required,azure → monitor,NORMALIZED
azure.azure.privacy_consent.access_rbac_least_privilege,azure,aad,privacy_consent,identity_and_access_management,domain is 'identity_and_access_management',high,PENDING_REVIEW,azure.aad.privacy_consent.access_rbac_least_privilege,azure → aad,NORMALIZED
azure.azure.crypto_private_ca.secrets_private_ca_ca_key_in_hsm_where_supported,azure,keyvault,crypto_private_ca,network_security_and_connectivity,resource contains 'crypto',high,PENDING_REVIEW,azure.keyvault.private_ca.private_ca_ca_key_in_hsm_where_supported,azure → keyvault,NORMALIZED
azure.azure.mlops_monitoring.ml_ops_monitoring_logs_enabled,azure,monitor,mlops_monitoring,logging_monitoring_and_alerting,resource contains 'monitoring',high,PENDING_REVIEW,azure.monitor.mlops_monitoring.ml_ops_monitoring_logs_enabled,azure → monitor,NORMALIZED
azure.azure.threat_custom_identifier.source_trusted,azure,security,threat_custom_identifier,compliance_and_governance,scope contains 'security',high,PENDING_REVIEW,azure.security.threat_custom_identifier.source_trusted,azure → security,NORMALIZED
azure.azure.network_route_table.no_0_0_0_0_from_private_subnets,azure,network,network_route_table,network_security_and_connectivity,resource contains 'network',high,PENDING_REVIEW,azure.network.route_table.no_0_0_0_0_from_private_subnets,azure → network,NORMALIZED
azure.azure.serverless_event_source.source_authenticated,azure,security,serverless_event_source,compute_and_workload_security,scope contains 'security',high,PENDING_REVIEW,azure.security.serverless_event_source.source_authenticated,azure → security,NORMALIZED
azure.azure.platform_api_key.expiration_required,azure,api,platform_api_key,data_protection_and_privacy,resource contains 'api',high,PENDING_REVIEW,azure.api.platform_api_key.expiration_required,azure → api,NORMALIZED
azure.azure.secrets_parameter.kms_key_configured,azure,keyvault,secrets_parameter,secrets_and_key_management,resource contains 'secrets',high,PENDING_REVIEW,azure.keyvault.secrets_parameter.kms_key,azure → keyvault,NORMALIZED
azure.azure.paas_lightsail_database.paas_db_encryption_at_rest_enabled,azure,sql,paas_lightsail_database,data_protection_and_privacy,resource contains 'database',high,PENDING_REVIEW,azure.sql.paas_lightsail_database.paas_db_encryption_at_rest_enabled,azure → sql,NORMALIZED
azure.azure.vulnerability_automation.vuln_automation_execution_roles_least_privilege,azure,rbac,vulnerability_automation,identity_and_access_management,rule_id contains 'role',high,PENDING_REVIEW,azure.rbac.vulnerability_automation.vuln_automation_execution_roles_least_privilege,azure → rbac,NORMALIZED
azure.azure.dr_plan.resilience_storage_encrypted_and_private,azure,backup,dr_plan,data_protection_and_privacy,resource contains 'dr_',high,PENDING_REVIEW,azure.backup.dr_plan.resilience_storage_encrypted_and_private,azure → backup,NORMALIZED
azure.azure.network_customer_gateway.network_cgw_no_public_management_interfaces_exposed,azure,network,network_customer_gateway,network_security_and_connectivity,resource contains 'network',high,PENDING_REVIEW,azure.network.customer_gateway.cgw_no_public_management_interfaces_exposed,azure → network,NORMALIZED
azure.azure.network_listener.tls_min_1_2,azure,network,network_listener,data_protection_and_privacy,resource contains 'network',high,PENDING_REVIEW,azure.network.listener.tls_min_1_2,azure → network,NORMALIZED
azure.azure.threat_custom_identifier.storage_encrypted,azure,storage,threat_custom_identifier,data_protection_and_privacy,rule_id contains 'storage',high,PENDING_REVIEW,azure.storage.threat_custom_identifier.storage_encrypted,azure → storage,NORMALIZED
azure.azure.network_interface.network_eni_security_groups_present,azure,network,network_interface,network_security_and_connectivity,resource contains 'network',high,PENDING_REVIEW,azure.network.interface.eni_security_groups_present,azure → network,NORMALIZED
azure.azure.streaming_stream_consumer.streaming_consumer_access_least_privilege,azure,aad,streaming_stream_consumer,identity_and_access_management,domain is 'identity_and_access_management',high,PENDING_REVIEW,azure.aad.streaming_stream_consumer.streaming_consumer_access_least_privilege,azure → aad,NORMALIZED
azure.azure.network_encryption.tls_min_1_2_enforced,azure,network,network_encryption,data_protection_and_privacy,resource contains 'network',high,PENDING_REVIEW,azure.network.encryption.tls_min_1_2_enforced,azure → network,NORMALIZED
azure.azure.serverless_function.role_least_privilege,azure,function,serverless_function,identity_and_access_management,resource contains 'function',high,PENDING_REVIEW,azure.function.serverless_function.role_least_privilege,azure → function,NORMALIZED
azure.azure.logging_sink.destination_encrypted,azure,monitor,logging_sink,data_protection_and_privacy,resource contains 'log',high,PENDING_REVIEW,azure.monitor.logging_sink.destination_encrypted,azure → monitor,NORMALIZED
azure.azure.streaming_stream.encryption_at_rest_enabled,azure,keyvault,streaming_stream,data_protection_and_privacy,domain is 'data_protection_and_privacy',high,PENDING_REVIEW,azure.keyvault.streaming_stream.encryption_at_rest_enabled,azure → keyvault,NORMALIZED
azure.azure.monitoring_dashboard.public_embeds_disabled,azure,monitor,monitoring_dashboard,logging_monitoring_and_alerting,resource contains 'monitoring',high,PENDING_REVIEW,azure.monitor.dashboard.public_embeds_disabled,azure → monitor,NORMALIZED
azure.azure.network_isolation.automated_isolation_supported,azure,network,network_isolation,network_security_and_connectivity,resource contains 'network',high,PENDING_REVIEW,azure.network.isolation.automated_isolation_supported,azure → network,NORMALIZED
azure.azure.threat_ip_set.sources_trusted,azure,security,threat_ip_set,compliance_and_governance,scope contains 'security',high,PENDING_REVIEW,azure.security.threat_ip_set.sources_trusted,azure → security,NORMALIZED
azure.azure.privacy_rights.execution_roles_least_privilege,azure,rbac,privacy_rights,identity_and_access_management,rule_id contains 'role',high,PENDING_REVIEW,azure.rbac.privacy_rights.execution_roles_least_privilege,azure → rbac,NORMALIZED
azure.azure.platform_api_endpoint.authz_policies_enforced,azure,api,platform_api_endpoint,network_security_and_connectivity,resource contains 'api',high,PENDING_REVIEW,azure.api.platform_api_endpoint.authz_policies_enforced,azure → api,NORMALIZED
azure.azure.platform_stage.require_usage_plan_for_api_keys,azure,api,platform_stage,data_protection_and_privacy,rule_id contains 'api',high,PENDING_REVIEW,azure.api.platform_stage.require_usage_plan_for_api_keys,azure → api,NORMALIZED
azure.azure.network_interface.network_eni_security_groups_restrictive,azure,network,network_interface,network_security_and_connectivity,resource contains 'network',high,PENDING_REVIEW,azure.network.interface.eni_security_groups_restrictive,azure → network,NORMALIZED
azure.azure.registry_policy.supply_chain_no_public_pull_push,azure,policy,registry_policy,identity_and_access_management,resource contains 'policy',high,PENDING_REVIEW,azure.policy.registry_policy.supply_chain_no_public_pull_push,azure → policy,NORMALIZED
azure.azure.network_segmentation.tier_to_tier_policies_defined,azure,network,network_segmentation,network_security_and_connectivity,resource contains 'network',high,PENDING_REVIEW,azure.network.segmentation.tier_to_tier_policies_defined,azure → network,NORMALIZED
azure.azure.paas_lightsail_database.paas_db_public_access_disabled,azure,sql,paas_lightsail_database,identity_and_access_management,resource contains 'database',high,PENDING_REVIEW,azure.sql.paas_lightsail_database.paas_db_public_access_disabled,azure → sql,NORMALIZED
azure.azure.network_endpoint.policy_least_privilege,azure,network,network_endpoint,identity_and_access_management,resource contains 'network',high,PENDING_REVIEW,azure.network.endpoint.policy_least_privilege,azure → network,NORMALIZED
azure.azure.streaming_stream.consumer_auth_required,azure,security,streaming_stream,compliance_and_governance,scope contains 'security',high,PENDING_REVIEW,azure.security.streaming_stream.consumer_auth_required,azure → security,NORMALIZED
azure.azure.monitoring_alert.critical_alarms_enabled,azure,monitor,monitoring_alert,logging_monitoring_and_alerting,resource contains 'monitoring',high,PENDING_REVIEW,azure.monitor.alert.critical_alarms_enabled,azure → monitor,NORMALIZED
azure.azure.secrets_store.kms_encryption_enabled,azure,keyvault,secrets_store,data_protection_and_privacy,resource contains 'secrets',high,PENDING_REVIEW,azure.keyvault.secrets_store.kms_encryption_enabled,azure → keyvault,NORMALIZED
azure.azure.logging_store.immutability_or_object_lock_where_supported,azure,monitor,logging_store,logging_monitoring_and_alerting,resource contains 'log',high,PENDING_REVIEW,azure.monitor.logging_store.immutability_or_object_lock_where_supported,azure → monitor,NORMALIZED
azure.azure.network_traffic_analysis.alert_destinations_configured,azure,network,network_traffic_analysis,network_security_and_connectivity,resource contains 'network',high,PENDING_REVIEW,azure.network.traffic_analysis.alert_destinations,azure → network,NORMALIZED
azure.azure.serverless_function.env_no_plaintext_secrets,azure,function,serverless_function,compute_and_workload_security,resource contains 'function',high,PENDING_REVIEW,azure.function.serverless_function.env_no_plaintext_secrets,azure → function,NORMALIZED
azure.azure.vulnerability_maintenance.vuln_maintenance_execution_roles_least_privilege,azure,rbac,vulnerability_maintenance,identity_and_access_management,rule_id contains 'role',high,PENDING_REVIEW,azure.rbac.vulnerability_maintenance.vuln_maintenance_execution_roles_least_privilege,azure → rbac,NORMALIZED
azure.azure.paas_lightsail_instance.paas_instance_no_public_ip_unless_required,azure,compute,paas_lightsail_instance,identity_and_access_management,resource contains 'instance',high,PENDING_REVIEW,azure.compute.paas_lightsail_instance.paas_instance_no_public_ip_unless_required,azure → compute,NORMALIZED
azure.azure.network_firewall.rule_groups_attached,azure,network,network_firewall,network_security_and_connectivity,resource contains 'network',high,PENDING_REVIEW,azure.network.firewall.rule_groups_attached,azure → network,NORMALIZED
azure.azure.network_automation.change_audit_logging_enabled,azure,network,network_automation,logging_monitoring_and_alerting,resource contains 'network',high,PENDING_REVIEW,azure.network.automation.change_audit_logging_enabled,azure → network,NORMALIZED
azure.azure.streaming_video_stream.streaming_video_encryption_in_transit_required,azure,keyvault,streaming_video_stream,data_protection_and_privacy,domain is 'data_protection_and_privacy',high,PENDING_REVIEW,azure.keyvault.streaming_video_stream.streaming_video_encryption_in_transit_required,azure → keyvault,NORMALIZED
azure.azure.serverless_function.vpc_private_networking_enabled,azure,function,serverless_function,network_security_and_connectivity,resource contains 'function',high,PENDING_REVIEW,azure.function.serverless_function.vpc_private_networking_enabled,azure → function,NORMALIZED
azure.azure.network_automation.remediation_roles_least_privilege,azure,network,network_automation,identity_and_access_management,resource contains 'network',high,PENDING_REVIEW,azure.network.automation.remediation_roles_least_privilege,azure → network,NORMALIZED
azure.azure.network_anomaly_detection.network_anomaly_destinations_encrypted,azure,network,network_anomaly_detection,data_protection_and_privacy,resource contains 'network',high,PENDING_REVIEW,azure.network.anomaly_detection.anomaly_destinations_encrypted,azure → network,NORMALIZED
azure.azure.privacy_consent.store_encrypted,azure,keyvault,privacy_consent,data_protection_and_privacy,domain is 'data_protection_and_privacy',high,PENDING_REVIEW,azure.keyvault.privacy_consent.store_encrypted,azure → keyvault,NORMALIZED
azure.azure.dr_plan.resilience_change_audit_logging_enabled,azure,backup,dr_plan,logging_monitoring_and_alerting,resource contains 'dr_',high,PENDING_REVIEW,azure.backup.dr_plan.resilience_change_audit_logging_enabled,azure → backup,NORMALIZED
azure.azure.serverless_event_source.permissions_least_privilege,azure,aad,serverless_event_source,identity_and_access_management,domain is 'identity_and_access_management',high,PENDING_REVIEW,azure.aad.serverless_event_source.permissions_least_privilege,azure → aad,NORMALIZED
azure.azure.privacy_masking.policies_present_for_sensitive_fields,azure,security,privacy_masking,data_protection_and_privacy,scope contains 'security',high,PENDING_REVIEW,azure.security.privacy_masking.policies_present_for_sensitive_fields,azure → security,NORMALIZED
azure.azure.monitoring_trace.store_encrypted,azure,monitor,monitoring_trace,data_protection_and_privacy,resource contains 'monitoring',high,PENDING_REVIEW,azure.monitor.trace.store_encrypted,azure → monitor,NORMALIZED
azure.azure.serverless_function.logging_and_tracing_enabled,azure,function,serverless_function,logging_monitoring_and_alerting,resource contains 'function',high,PENDING_REVIEW,azure.function.serverless_function.logging_and_tracing_enabled,azure → function,NORMALIZED
azure.azure.logging_query_definition.access_rbac_least_privilege,azure,monitor,logging_query_definition,identity_and_access_management,resource contains 'log',high,PENDING_REVIEW,azure.monitor.logging_query_definition.access_rbac_least_privilege,azure → monitor,NORMALIZED
azure.azure.network_vpc.dns_hostnames_and_support_configured,azure,network,network_vpc,network_security_and_connectivity,resource contains 'vpc',high,PENDING_REVIEW,azure.network.vpc.dns_hostnames_and_support,azure → network,NORMALIZED
azure.azure.registry_replication_config.supply_chain_registry_replication_destinations_least_privilege,azure,aad,registry_replication_config,identity_and_access_management,domain is 'identity_and_access_management',high,PENDING_REVIEW,azure.aad.registry_replication_config.supply_chain_registry_replication_destinations_least_privilege,azure → aad,NORMALIZED
azure.azure.platform_stage.throttling_enabled,azure,security,platform_stage,compliance_and_governance,scope contains 'security',high,PENDING_REVIEW,azure.security.platform_stage.throttling_enabled,azure → security,NORMALIZED
azure.azure.threat_ip_set.storage_encrypted,azure,storage,threat_ip_set,data_protection_and_privacy,rule_id contains 'storage',high,PENDING_REVIEW,azure.storage.threat_ip_set.storage_encrypted,azure → storage,NORMALIZED
azure.azure.streaming_firehose.destination_encrypted,azure,keyvault,streaming_firehose,data_protection_and_privacy,domain is 'data_protection_and_privacy',high,PENDING_REVIEW,azure.keyvault.streaming_firehose.destination_encrypted,azure → keyvault,NORMALIZED
azure.azure.logging_store.encryption_at_rest_cmek,azure,monitor,logging_store,data_protection_and_privacy,resource contains 'log',high,PENDING_REVIEW,azure.monitor.logging_store.encryption_at_rest_cmek,azure → monitor,NORMALIZED
azure.azure.monitoring_alert.alarm_actions_configured,azure,monitor,monitoring_alert,logging_monitoring_and_alerting,resource contains 'monitoring',high,PENDING_REVIEW,azure.monitor.alert.alarm_actions,azure → monitor,NORMALIZED
azure.azure.secrets_store.rotation_enabled_for_rotatable_secrets,azure,keyvault,secrets_store,secrets_and_key_management,resource contains 'secrets',high,PENDING_REVIEW,azure.keyvault.secrets_store.rotation_enabled_for_rotatable_secrets,azure → keyvault,NORMALIZED
azure.azure.streaming_video_stream.streaming_video_retention_days_minimum_configured,azure,security,streaming_video_stream,compliance_and_governance,scope contains 'security',high,PENDING_REVIEW,azure.security.streaming_video_stream.streaming_video_retention_days_minimum,azure → security,NORMALIZED
azure.azure.privacy_anonymization.jobs_private_networking,azure,network,privacy_anonymization,network_security_and_connectivity,rule_id contains 'network',high,PENDING_REVIEW,azure.network.privacy_anonymization.jobs_private_networking,azure → network,NORMALIZED
azure.azure.crypto_grant.secrets_kms_grant_constraints_present,azure,keyvault,crypto_grant,secrets_and_key_management,resource contains 'crypto',high,PENDING_REVIEW,azure.keyvault.grant.kms_grant_constraints_present,azure → keyvault,NORMALIZED
azure.azure.network_access_control.policies_present,azure,network,network_access_control,identity_and_access_management,resource contains 'network',high,PENDING_REVIEW,azure.network.access_control.policies_present,azure → network,NORMALIZED
azure.azure.dr_job.resilience_network_private_only,azure,backup,dr_job,network_security_and_connectivity,resource contains 'dr_',high,PENDING_REVIEW,azure.backup.dr_job.resilience_network_private_only,azure → backup,NORMALIZED
azure.azure.platform_authorizer.tls_min_1_2_enforced,azure,security,platform_authorizer,data_protection_and_privacy,scope contains 'security',high,PENDING_REVIEW,azure.security.platform_authorizer.tls_min_1_2_enforced,azure → security,NORMALIZED
azure.azure.logging_log_stream.logging_stream_encryption_at_rest_enabled,azure,monitor,logging_log_stream,data_protection_and_privacy,resource contains 'log',high,PENDING_REVIEW,azure.monitor.logging_log_stream.logging_stream_encryption_at_rest_enabled,azure → monitor,NORMALIZED
azure.azure.threat_hub.master_member_configured,azure,security,threat_hub,compliance_and_governance,scope contains 'security',high,PENDING_REVIEW,azure.security.threat_hub.master_member,azure → security,NORMALIZED
azure.azure.dr_plan.resilience_approvals_required_for_changes,azure,backup,dr_plan,resilience_and_disaster_recovery,resource contains 'dr_',high,PENDING_REVIEW,azure.backup.dr_plan.resilience_approvals_required_for_changes,azure → backup,NORMALIZED
azure.azure.registry_repo.supply_chain_private_or_access_restricted,azure,network,registry_repo,network_security_and_connectivity,scope contains 'network',high,PENDING_REVIEW,azure.network.registry_repo.supply_chain_private_or_access_restricted,azure → network,NORMALIZED
azure.azure.network_subnet.public_subnets_use_nacl_restrictions,azure,network,network_subnet,network_security_and_connectivity,resource contains 'network',high,PENDING_REVIEW,azure.network.subnet.public_subnets_use_nacl_restrictions,azure → network,NORMALIZED
azure.azure.secrets_store.access_rbac_least_privilege,azure,keyvault,secrets_store,identity_and_access_management,resource contains 'secrets',high,PENDING_REVIEW,azure.keyvault.secrets_store.access_rbac_least_privilege,azure → keyvault,NORMALIZED
azure.azure.serverless_layer.version_immutable,azure,security,serverless_layer,compute_and_workload_security,scope contains 'security',high,PENDING_REVIEW,azure.security.serverless_layer.version_immutable,azure → security,NORMALIZED
azure.azure.registry_repo.supply_chain_registry_immutable_tags_or_signing_enforced,azure,security,registry_repo,container_and_kubernetes_security,scope contains 'security',high,PENDING_REVIEW,azure.security.registry_repo.supply_chain_registry_immutable_tags_or_signing_enforced,azure → security,NORMALIZED
azure.azure.network_subnet.private_subnets_no_igw_route,azure,network,network_subnet,network_security_and_connectivity,resource contains 'network',high,PENDING_REVIEW,azure.network.subnet.private_subnets_no_igw_route,azure → network,NORMALIZED
azure.azure.logging_sink.destination_least_privilege,azure,monitor,logging_sink,logging_monitoring_and_alerting,resource contains 'log',high,PENDING_REVIEW,azure.monitor.logging_sink.destination_least_privilege,azure → monitor,NORMALIZED
azure.azure.monitoring_dashboard.sso_required,azure,monitor,monitoring_dashboard,logging_monitoring_and_alerting,resource contains 'monitoring',high,PENDING_REVIEW,azure.monitor.dashboard.sso_required,azure → monitor,NORMALIZED
azure.azure.privacy_encryption.at_rest_cmek_enabled,azure,security,privacy_encryption,data_protection_and_privacy,scope contains 'security',high,PENDING_REVIEW,azure.security.privacy_encryption.at_rest_cmek_enabled,azure → security,NORMALIZED
azure.azure.platform_api_endpoint.authn_required,azure,api,platform_api_endpoint,network_security_and_connectivity,resource contains 'api',high,PENDING_REVIEW,azure.api.platform_api_endpoint.authn_required,azure → api,NORMALIZED
azure.azure.monitoring_trace.access_rbac_least_privilege,azure,monitor,monitoring_trace,identity_and_access_management,resource contains 'monitoring',high,PENDING_REVIEW,azure.monitor.trace.access_rbac_least_privilege,azure → monitor,NORMALIZED
azure.azure.vulnerability_automation.vuln_automation_change_audit_logging_enabled,azure,monitor,vulnerability_automation,logging_monitoring_and_alerting,rule_id contains 'log',high,PENDING_REVIEW,azure.monitor.vulnerability_automation.vuln_automation_change_audit_logging_enabled,azure → monitor,NORMALIZED
azure.azure.paas_lightsail_instance.paas_instance_disk_encrypted,azure,compute,paas_lightsail_instance,data_protection_and_privacy,resource contains 'instance',high,PENDING_REVIEW,azure.compute.paas_lightsail_instance.paas_instance_disk_encrypted,azure → compute,NORMALIZED
azure.azure.network_security_group.network_sg_only_required_ports_open,azure,network,network_security_group,network_security_and_connectivity,resource contains 'network',high,PENDING_REVIEW,azure.network.security_group.sg_only_required_ports_open,azure → network,NORMALIZED
azure.azure.streaming_analytics_application.streaming_analytics_checkpoints_and_outputs_encrypted,azure,keyvault,streaming_analytics_application,data_protection_and_privacy,domain is 'data_protection_and_privacy',high,PENDING_REVIEW,azure.keyvault.streaming_analytics_application.streaming_analytics_checkpoints_and_outputs_encrypted,azure → keyvault,NORMALIZED
azure.azure.network_segmentation.exception_approvals_required,azure,network,network_segmentation,network_security_and_connectivity,resource contains 'network',high,PENDING_REVIEW,azure.network.segmentation.exception_approvals_required,azure → network,NORMALIZED
azure.azure.streaming_firehose.destination_least_privilege,azure,aad,streaming_firehose,identity_and_access_management,domain is 'identity_and_access_management',high,PENDING_REVIEW,azure.aad.streaming_firehose.destination_least_privilege,azure → aad,NORMALIZED
azure.azure.dr_recovery_instance.resilience_recovery_instance_private_network_only,azure,compute,dr_recovery_instance,network_security_and_connectivity,resource contains 'instance',high,PENDING_REVIEW,azure.compute.dr_recovery_instance.resilience_recovery_instance_private_network_only,azure → compute,NORMALIZED
azure.azure.privacy_encryption.in_transit_tls_min_1_2,azure,security,privacy_encryption,data_protection_and_privacy,scope contains 'security',high,PENDING_REVIEW,azure.security.privacy_encryption.in_transit_tls_min_1_2,azure → security,NORMALIZED
azure.azure.threat_ip_set.used_by_detectors,azure,security,threat_ip_set,compliance_and_governance,scope contains 'security',high,PENDING_REVIEW,azure.security.threat_ip_set.used_by_detectors,azure → security,NORMALIZED
azure.azure.crypto_alias.secrets_alias_alias_points_to_active_key,azure,keyvault,crypto_alias,secrets_and_key_management,resource contains 'crypto',high,PENDING_REVIEW,azure.keyvault.alias.alias_alias_points_to_active_key,azure → keyvault,NORMALIZED
azure.azure.monitoring_sampling_rule.rules_present,azure,monitor,monitoring_sampling_rule,logging_monitoring_and_alerting,resource contains 'monitoring',high,PENDING_REVIEW,azure.monitor.sampling_rule.rules_present,azure → monitor,NORMALIZED
azure.azure.registry_policy.supply_chain_no_wildcard_admin,azure,policy,registry_policy,identity_and_access_management,resource contains 'policy',high,PENDING_REVIEW,azure.policy.registry_policy.supply_chain_no_wildcard_admin,azure → policy,NORMALIZED
azure.azure.paas_app.tls_min_1_2_enforced,azure,security,paas_app,data_protection_and_privacy,scope contains 'security',high,PENDING_REVIEW,azure.security.paas_app.tls_min_1_2_enforced,azure → security,NORMALIZED
azure.azure.serverless_version.rollforward_rollback_controls_present,azure,security,serverless_version,compute_and_workload_security,scope contains 'security',high,PENDING_REVIEW,azure.security.serverless_version.rollforward_rollback_controls_present,azure → security,NORMALIZED
azure.azure.crypto_grant.secrets_kms_grant_grantee_principal_valid,azure,keyvault,crypto_grant,secrets_and_key_management,resource contains 'crypto',high,PENDING_REVIEW,azure.keyvault.grant.kms_grant_grantee_principal_valid,azure → keyvault,NORMALIZED
azure.azure.monitoring_anomaly_detector.monitoring_anomaly_detectors_enabled,azure,monitor,monitoring_anomaly_detector,logging_monitoring_and_alerting,resource contains 'monitoring',high,PENDING_REVIEW,azure.monitor.anomaly_detector.anomaly_detectors_enabled,azure → monitor,NORMALIZED
azure.azure.network_vpn_connection.network_vpn_ike_phase_encryption_strong,azure,network,network_vpn_connection,data_protection_and_privacy,resource contains 'network',high,PENDING_REVIEW,azure.network.vpn_connection.vpn_ike_phase_encryption_strong,azure → network,NORMALIZED
azure.azure.mlops_monitoring.ml_ops_monitoring_outputs_encrypted_and_private,azure,monitor,mlops_monitoring,data_protection_and_privacy,resource contains 'monitoring',high,PENDING_REVIEW,azure.monitor.mlops_monitoring.ml_ops_monitoring_outputs_encrypted_and_private,azure → monitor,NORMALIZED
azure.azure.crypto_private_ca.secrets_private_ca_path_length_constraints_set,azure,keyvault,crypto_private_ca,network_security_and_connectivity,resource contains 'crypto',high,PENDING_REVIEW,azure.keyvault.private_ca.private_ca_path_length_constraints_set,azure → keyvault,NORMALIZED
azure.azure.monitoring_sampling_rule.access_rbac_least_privilege,azure,monitor,monitoring_sampling_rule,identity_and_access_management,resource contains 'monitoring',high,PENDING_REVIEW,azure.monitor.sampling_rule.access_rbac_least_privilege,azure → monitor,NORMALIZED
azure.azure.secrets_secret.no_plaintext_exposed_in_policy_or_tags,azure,keyvault,secrets_secret,identity_and_access_management,resource contains 'secrets',high,PENDING_REVIEW,azure.keyvault.secrets_secret.no_plaintext_exposed_in_policy_or_tags,azure → keyvault,NORMALIZED
azure.azure.secrets_secret.rotation_configured_where_applicable,azure,keyvault,secrets_secret,secrets_and_key_management,resource contains 'secrets',high,PENDING_REVIEW,azure.keyvault.secrets_secret.rotation_where_applicable,azure → keyvault,NORMALIZED
azure.azure.serverless_layer.source_trusted,azure,security,serverless_layer,compute_and_workload_security,scope contains 'security',high,PENDING_REVIEW,azure.security.serverless_layer.source_trusted,azure → security,NORMALIZED
azure.azure.network_isolation.quarantine_network_defined,azure,network,network_isolation,network_security_and_connectivity,resource contains 'network',high,PENDING_REVIEW,azure.network.isolation.quarantine_network_defined,azure → network,NORMALIZED
azure.active.directory_app_registration.identity_access_oidc_token_lifetime_reasonable,active,aad,directory_app_registration,identity_and_access_management,resource contains 'directory',high,PENDING_REVIEW,azure.aad.app_registration.access_oidc_token_lifetime_reasonable,active → aad,NORMALIZED
azure.active.directory_user.identity_access_user_console_password_present_only_if_required,active,aad,directory_user,identity_and_access_management,resource contains 'directory',high,PENDING_REVIEW,azure.aad.user.access_user_console_password_present_only_if_required,active → aad,NORMALIZED
azure.active.directory_user.identity_access_user_no_inline_policies_attached,active,aad,directory_user,identity_and_access_management,resource contains 'directory',high,PENDING_REVIEW,azure.aad.user.access_user_no_inline_policies_attached,active → aad,NORMALIZED
azure.active.directory_tenant.identity_access_password_policy_require_upper_lower_number_special,active,aad,directory_tenant,identity_and_access_management,resource contains 'directory',high,PENDING_REVIEW,azure.aad.directory_tenant.access_password_policy_require_upper_lower_number_special,active → aad,NORMALIZED
"azure.active.directory.password.policy.reuse.24,.azure.devops.project.no.secrets.in.variables,.azure.devops.project.source.repo.url.no.sensitive.credentials,.azure.storage.bucket.enforces.ssl,.azure.load.balancer.ssl.listeners,.azure.search.service.domains.node.to.node.encryption.enabled,.azure.load.balancer.ssl.listeners,.azure.compute.ebs.default.encryption,.azure.sql.instance.storage.encrypted,.azure.machine.learning.notebook.instance.encryption.enabled,.azure.storage.bucket.default.encryption,.azure.files.encryption.at.rest.enabled,.azure.search.service.domains.encryption.at.rest.enabled,.azure.compute.ebs.volume.encryption,.azure.storage.bucket.kms.encryption,.azure.aks.cluster.kms.cmk.encryption.in.secrets.enabled,.azure.sql.snapshots.encrypted,.azure.cosmos.db.accelerator.cluster.encryption.enabled,.azure.cosmos.db.table.encryption.enabled,.azure.monitor.kms.encryption.enabled,.azure.monitor.log.group.kms.encryption.enabled,.azure.notification.hubs.topics.kms.encryption.at.rest.enabled,.azure.cosmos.db.tables.kms.cmk.encryption.enabled,.azure.synapse.cluster.audit.logging",active,aad,directory,data_protection_and_privacy,resource contains 'directory',high,PENDING_REVIEW,"azure.aad.directory.password_policy_reuse_24,_azure_devops_project_no_secrets_in_variables_c87043e4",active → aad,NORMALIZED
azure.active.directory_tenant.identity_access_password_policy_prevent_reuse_last_24,active,aad,directory_tenant,identity_and_access_management,resource contains 'directory',high,PENDING_REVIEW,azure.aad.directory_tenant.access_password_policy_prevent_reuse_last_24,active → aad,NORMALIZED
azure.active.directory_tenant.identity_access_tenant_password_policy_compliant,active,aad,directory_tenant,identity_and_access_management,resource contains 'directory',high,PENDING_REVIEW,azure.aad.directory_tenant.access_tenant_password_policy_compliant,active → aad,NORMALIZED
azure.active.directory_enterprise_application.identity_access_saml_audience_restriction_configured,active,aad,directory_enterprise_application,identity_and_access_management,resource contains 'directory',high,PENDING_REVIEW,azure.aad.enterprise_application.access_saml_audience_restriction,active → aad,NORMALIZED
azure.active.directory_user.identity_access_user_in90_days_disabled,active,aad,directory_user,identity_and_access_management,resource contains 'directory',high,PENDING_REVIEW,azure.aad.user.access_user_in90_days_disabled,active → aad,NORMALIZED
azure.active.directory_tenant.identity_access_password_policy_min_length_14,active,aad,directory_tenant,identity_and_access_management,resource contains 'directory',high,PENDING_REVIEW,azure.aad.directory_tenant.access_password_policy_min_length_14,active → aad,NORMALIZED
azure.active.directory_tenant.identity_access_tenant_break_glass_accounts_mfa_enforced,active,aad,directory_tenant,identity_and_access_management,resource contains 'directory',high,PENDING_REVIEW,azure.aad.directory_tenant.access_tenant_break_glass_accounts_mfa_enforced,active → aad,NORMALIZED
azure.active.directory_group.identity_access_group_attached_policies_not_admin_star,active,aad,directory_group,identity_and_access_management,resource contains 'directory',high,PENDING_REVIEW,azure.aad.group.access_group_attached_policies_not_admin_star,active → aad,NORMALIZED
azure.active.directory_enterprise_application.identity_access_saml_certificates_not_expired,active,aad,directory_enterprise_application,identity_and_access_management,resource contains 'directory',high,PENDING_REVIEW,azure.aad.enterprise_application.access_saml_certificates_not_expired,active → aad,NORMALIZED
azure.active.directory_user.identity_access_user_access_keys_rotated_90_days_or_less_when_present,active,aad,directory_user,identity_and_access_management,resource contains 'directory',high,PENDING_REVIEW,azure.aad.user.access_user_access_keys_rotated_90_days_or_less_when_present,active → aad,NORMALIZED
azure.active.directory_group.identity_access_group_no_inline_policies,active,aad,directory_group,identity_and_access_management,resource contains 'directory',high,PENDING_REVIEW,azure.aad.group.access_group_no_inline_policies,active → aad,NORMALIZED
azure.active.directory_app_registration.identity_access_oidc_allowed_client_ids_audiences_restricted,active,aad,directory_app_registration,identity_and_access_management,resource contains 'directory',high,PENDING_REVIEW,azure.aad.app_registration.access_oidc_allowed_client_ids_audiences_restricted,active → aad,NORMALIZED
azure.active.directory_enterprise_application.identity_access_saml_idp_metadata_signed,active,aad,directory_enterprise_application,identity_and_access_management,resource contains 'directory',high,PENDING_REVIEW,azure.aad.enterprise_application.access_saml_idp_metadata_signed,active → aad,NORMALIZED
azure.active.directory_group.identity_access_group_membership_review_enabled_where_supported,active,aad,directory_group,identity_and_access_management,resource contains 'directory',high,PENDING_REVIEW,azure.aad.group.access_group_membership_review_enabled_where_supported,active → aad,NORMALIZED
azure.active.directory_enterprise_application.identity_access_saml_assertion_lifetime_reasonable,active,aad,directory_enterprise_application,identity_and_access_management,resource contains 'directory',high,PENDING_REVIEW,azure.aad.enterprise_application.access_saml_assertion_lifetime_reasonable,active → aad,NORMALIZED
azure.active.directory_group.identity_access_rbac_group_external_sharing_restricted_where_supported,active,aad,directory_group,identity_and_access_management,resource contains 'directory',high,PENDING_REVIEW,azure.aad.group.access_rbac_group_external_sharing_restricted_where_supported,active → aad,NORMALIZED
azure.active.directory_tenant.identity_access_tenant_console_mfa_required_org_wide,active,aad,directory_tenant,identity_and_access_management,resource contains 'directory',high,PENDING_REVIEW,azure.aad.directory_tenant.access_tenant_console_mfa_required_org_wide,active → aad,NORMALIZED
azure.active.directory_tenant.identity_access_tenant_api_access_keys_root_or_owner_disallowed,active,aad,directory_tenant,identity_and_access_management,resource contains 'directory',high,PENDING_REVIEW,azure.aad.directory_tenant.access_tenant_api_access_keys_root_or_owner_disallowed,active → aad,NORMALIZED
azure.active.directory_tenant.identity_access_tenant_sso_federation_configured_where_supported,active,aad,directory_tenant,identity_and_access_management,resource contains 'directory',high,PENDING_REVIEW,azure.aad.directory_tenant.access_tenant_sso_federation_where_supported,active → aad,NORMALIZED
azure.active.directory_group.identity_access_rbac_group_attached_policies_not_admin_star,active,aad,directory_group,identity_and_access_management,resource contains 'directory',high,PENDING_REVIEW,azure.aad.group.access_rbac_group_attached_policies_not_admin_star,active → aad,NORMALIZED
azure.active.directory_tenant.identity_access_password_policy_lockout_threshold_defined,active,aad,directory_tenant,identity_and_access_management,resource contains 'directory',high,PENDING_REVIEW,azure.aad.directory_tenant.access_password_policy_lockout_threshold_defined,active → aad,NORMALIZED
azure.active.directory_group.identity_access_rbac_group_no_inline_policies,active,aad,directory_group,identity_and_access_management,resource contains 'directory',high,PENDING_REVIEW,azure.aad.group.access_rbac_group_no_inline_policies,active → aad,NORMALIZED
azure.active.directory_tenant.identity_access_tenant_inuser_disable_threshold_configured,active,aad,directory_tenant,identity_and_access_management,resource contains 'directory',high,PENDING_REVIEW,azure.aad.directory_tenant.access_tenant_inuser_disable_threshold,active → aad,NORMALIZED
azure.active.directory_tenant.identity_access_password_policy_max_age_90_days_or_less,active,aad,directory_tenant,identity_and_access_management,resource contains 'directory',high,PENDING_REVIEW,azure.aad.directory_tenant.access_password_policy_max_age_90_days_or_less,active → aad,NORMALIZED
azure.active.directory_app_registration.identity_access_oidc_issuer_https_and_matches_discovery,active,aad,directory_app_registration,identity_and_access_management,resource contains 'directory',high,PENDING_REVIEW,azure.aad.app_registration.access_oidc_issuer_https_and_matches_discovery,active → aad,NORMALIZED
azure.active.directory_user.identity_access_user_mfa_required,active,aad,directory_user,identity_and_access_management,resource contains 'directory',high,PENDING_REVIEW,azure.aad.user.access_user_mfa_required,active → aad,NORMALIZED
azure.active.directory_app_registration.identity_access_oidc_thumbprints_or_jwks_pinning_configured,active,aad,directory_app_registration,identity_and_access_management,resource contains 'directory',high,PENDING_REVIEW,azure.aad.app_registration.access_oidc_thumbprints_or_jwks_pinning,active → aad,NORMALIZED
azure.managed.identity_service_principal.identity_access_service_account_keys_not_used_or_rotated_90_days_or_less,managed,aad,identity_service_principal,identity_and_access_management,rule_id contains 'identity_access',high,PENDING_REVIEW,azure.aad.identity_service_principal.access_service_account_keys_not_used_or_rotated_90_days_or_less,managed → aad,NORMALIZED
azure.managed.identity_user_assigned_identity.identity_access_instance_profile_role_attached,managed,aad,identity_user_assigned_identity,identity_and_access_management,rule_id contains 'identity_access',high,PENDING_REVIEW,azure.aad.identity_user_assigned_identity.access_instance_profile_role_attached,managed → aad,NORMALIZED
azure.managed.identity_user_assigned_identity.identity_access_instance_profile_role_policies_least_privilege,managed,aad,identity_user_assigned_identity,identity_and_access_management,rule_id contains 'identity_access',high,PENDING_REVIEW,azure.aad.identity_user_assigned_identity.access_instance_profile_role_policies_least_privilege,managed → aad,NORMALIZED
azure.managed.identity_user_assigned_identity.identity_access_instance_profile_no_instance_profile_with_admin_star,managed,aad,identity_user_assigned_identity,identity_and_access_management,rule_id contains 'identity_access',high,PENDING_REVIEW,azure.aad.identity_user_assigned_identity.access_instance_profile_no_instance_profile_with_admin_star,managed → aad,NORMALIZED
azure.managed.identity_service_principal.identity_access_service_account_no_user_long_lived_keys,managed,aad,identity_service_principal,identity_and_access_management,rule_id contains 'identity_access',high,PENDING_REVIEW,azure.aad.identity_service_principal.access_service_account_no_user_long_lived_keys,managed → aad,NORMALIZED
azure.managed.lustre.filesystem.customer.managed.key.enabled,managed,security,lustre,data_protection_and_privacy,scope contains 'security',high,PENDING_REVIEW,azure.aad.lustre.filesystem_customer_managed_key_enabled,managed → aad,NORMALIZED
azure.managed.identity_service_principal.identity_access_service_account_workload_identity_federation_used_where_supported,managed,aad,identity_service_principal,identity_and_access_management,rule_id contains 'identity_access',high,PENDING_REVIEW,azure.aad.identity_service_principal.access_service_account_workload_identity_federation_used_where_supported,managed → aad,NORMALIZED
azure.managed.identity_service_principal.identity_access_service_account_scopes_or_roles_least_privilege,managed,aad,identity_service_principal,identity_and_access_management,rule_id contains 'identity_access',high,PENDING_REVIEW,azure.aad.identity_service_principal.access_service_account_scopes_or_roles_least_privilege,managed → aad,NORMALIZED
